currentPage,requestTime,contentLength,type
1,631,20340,graphql
2,606,20741,graphql
3,583,20493,graphql
4,588,20902,graphql
5,727,20715,graphql
6,646,21061,graphql
7,627,21004,graphql
8,621,21293,graphql
9,568,21050,graphql
10,575,21369,graphql
11,577,21287,graphql
12,682,21528,graphql
13,667,21575,graphql
14,563,21666,graphql
15,602,21453,graphql
16,621,21446,graphql
17,689,21122,graphql
18,654,21456,graphql
19,642,21230,graphql
20,590,21717,graphql
21,586,21385,graphql
22,570,21146,graphql
23,604,21914,graphql
24,580,21613,graphql
25,586,21824,graphql
26,559,21480,graphql
27,663,21812,graphql
28,571,21986,graphql
29,592,22193,graphql
30,597,21800,graphql
31,582,22164,graphql
32,581,21565,graphql
33,592,21596,graphql
34,562,22154,graphql
35,569,22054,graphql
36,573,22297,graphql
37,566,21916,graphql
38,581,22151,graphql
39,668,22154,graphql
40,611,21788,graphql
41,587,22207,graphql
42,573,22251,graphql
43,672,22148,graphql
44,587,22299,graphql
45,573,22499,graphql
46,603,22207,graphql
47,601,22012,graphql
48,547,22284,graphql
49,663,22309,graphql
50,589,22552,graphql
51,545,22351,graphql
52,690,22350,graphql
53,642,22019,graphql
54,650,22417,graphql
55,588,22354,graphql
56,622,22338,graphql
57,584,22316,graphql
58,544,22359,graphql
59,537,22678,graphql
60,557,22130,graphql
61,583,22380,graphql
62,554,22305,graphql
63,577,22461,graphql
64,587,22617,graphql
65,543,22448,graphql
66,588,22268,graphql
67,650,22635,graphql
68,2079,22489,graphql
69,553,22779,graphql
70,571,21887,graphql
71,583,22259,graphql
72,626,22392,graphql
73,550,22420,graphql
74,590,22407,graphql
75,569,22122,graphql
76,692,22578,graphql
77,654,22851,graphql
78,564,22805,graphql
79,592,22759,graphql
80,581,22490,graphql
81,584,22475,graphql
82,575,22531,graphql
83,680,22380,graphql
84,552,22526,graphql
85,593,22678,graphql
86,647,22833,graphql
87,615,22569,graphql
88,609,22827,graphql
89,643,22761,graphql
90,713,22888,graphql
91,596,22434,graphql
92,632,22349,graphql
93,631,22721,graphql
94,691,22371,graphql
95,675,22581,graphql
96,642,22582,graphql
97,617,22777,graphql
98,600,22934,graphql
99,632,23068,graphql
100,608,22480,graphql
101,590,22376,graphql
102,653,22809,graphql
103,583,22919,graphql
104,605,22716,graphql
105,596,22767,graphql
106,594,22875,graphql
107,623,22899,graphql
108,584,22846,graphql
109,661,23103,graphql
110,589,22757,graphql
111,573,22366,graphql
112,996,22904,graphql
113,570,22562,graphql
114,561,23126,graphql
115,607,22903,graphql
116,580,22819,graphql
117,624,23020,graphql
118,594,22944,graphql
119,571,22748,graphql
120,703,22856,graphql
121,613,22999,graphql
122,607,23194,graphql
123,588,22923,graphql
124,613,23055,graphql
125,561,22979,graphql
126,602,22882,graphql
127,557,22828,graphql
128,680,22722,graphql
129,1157,21705,graphql
130,593,21984,graphql
131,549,22316,graphql
132,588,22941,graphql
133,611,23177,graphql
134,611,22922,graphql
135,669,22785,graphql
136,584,22772,graphql
137,582,22798,graphql
138,580,22707,graphql
139,571,22944,graphql
140,561,22643,graphql
141,583,22800,graphql
142,587,22881,graphql
143,540,23234,graphql
144,700,22942,graphql
145,581,23151,graphql
146,546,22508,graphql
147,655,23001,graphql
148,601,23015,graphql
149,545,22789,graphql
150,577,23081,graphql
151,775,23054,graphql
152,639,23179,graphql
153,955,23080,graphql
154,547,22846,graphql
155,664,23389,graphql
156,604,23086,graphql
157,601,22609,graphql
158,597,22930,graphql
159,585,22997,graphql
160,625,22990,graphql
161,642,23091,graphql
162,572,22751,graphql
163,627,22861,graphql
164,568,22796,graphql
165,593,23247,graphql
166,594,23107,graphql
167,656,22866,graphql
168,569,23031,graphql
169,566,23232,graphql
170,559,23312,graphql
171,594,23191,graphql
172,552,23524,graphql
173,572,23294,graphql
174,618,23091,graphql
175,572,23789,graphql
176,575,23778,graphql
177,566,22846,graphql
178,546,23062,graphql
179,552,23242,graphql
180,603,23293,graphql
181,626,23381,graphql
182,541,23325,graphql
183,723,23121,graphql
184,599,23131,graphql
185,701,23171,graphql
186,606,23452,graphql
187,620,23053,graphql
188,643,23076,graphql
189,585,23057,graphql
190,584,23289,graphql
191,613,23230,graphql
192,585,23022,graphql
193,1936,23122,graphql
194,604,20802,graphql
1,461,88994,rest
2,436,88994,rest
3,388,89331,rest
4,382,89777,rest
5,383,89849,rest
6,388,90443,rest
7,545,90689,rest
8,485,90424,rest
9,548,91481,rest
10,419,90777,rest
11,575,90795,rest
12,380,90155,rest
13,377,90734,rest
14,448,90288,rest
15,620,90606,rest
16,443,90424,rest
17,585,89962,rest
18,387,90195,rest
19,458,90887,rest
20,539,90786,rest
21,380,90637,rest
22,475,90666,rest
23,480,91000,rest
24,587,91075,rest
25,400,91145,rest
26,450,90668,rest
27,557,90741,rest
28,567,91065,rest
29,383,91157,rest
30,444,91199,rest
31,375,90943,rest
32,557,90577,rest
33,540,90913,rest
34,619,90691,rest
35,431,90567,rest
36,556,90423,rest
37,382,90907,rest
38,422,90624,rest
39,587,90521,rest
40,381,91499,rest
41,394,90505,rest
42,418,91429,rest
43,563,90681,rest
44,391,90551,rest
45,573,90453,rest
46,378,90861,rest
47,441,91459,rest
48,407,90943,rest
49,565,90944,rest
50,491,91325,rest
51,615,91047,rest
52,579,91647,rest
53,471,91513,rest
54,379,90707,rest
55,380,91434,rest
56,379,91001,rest
57,595,91897,rest
58,475,90693,rest
59,368,91199,rest
60,548,91903,rest
61,453,90769,rest
62,381,91815,rest
63,447,90785,rest
64,556,91621,rest
65,550,91259,rest
66,819,91285,rest
67,537,90615,rest
68,555,91773,rest
69,444,91433,rest
70,588,91365,rest
71,806,90651,rest
72,406,91501,rest
73,387,91385,rest
74,443,91147,rest
75,573,91407,rest
76,552,90601,rest
77,413,91439,rest
78,439,91717,rest
79,394,91681,rest
80,388,92317,rest
81,398,91131,rest
82,563,90873,rest
83,580,91545,rest
84,394,91277,rest
85,419,91091,rest
86,391,92049,rest
87,458,91719,rest
88,553,91197,rest
89,453,92029,rest
90,481,91067,rest
91,383,92137,rest
92,455,91091,rest
93,459,91265,rest
94,469,91909,rest
95,400,91967,rest
96,385,91725,rest
97,554,91383,rest
98,483,91689,rest
99,410,92097,rest
100,592,91589,rest
101,588,91061,rest
102,546,91209,rest
103,395,91445,rest
104,393,92125,rest
105,411,91691,rest
106,665,91273,rest
107,389,91731,rest
108,464,92188,rest
109,434,91259,rest
110,439,92613,rest
111,472,92065,rest
112,600,91525,rest
113,409,91557,rest
114,598,91569,rest
115,459,92373,rest
116,478,91649,rest
117,551,92427,rest
118,447,92223,rest
119,404,91876,rest
120,802,91337,rest
121,445,91675,rest
122,439,92455,rest
123,588,92791,rest
124,807,92741,rest
125,584,92095,rest
126,453,92145,rest
127,480,91721,rest
128,397,92163,rest
129,447,92013,rest
130,475,92347,rest
131,430,92325,rest
132,452,92067,rest
133,390,91740,rest
134,441,92311,rest
135,415,92051,rest
136,403,92013,rest
137,387,92163,rest
138,415,92409,rest
139,559,91292,rest
140,434,92203,rest
141,406,91667,rest
142,448,91599,rest
143,551,92183,rest
144,606,92558,rest
145,430,92001,rest
146,410,91649,rest
147,604,91997,rest
148,448,91851,rest
149,464,92807,rest
150,580,91907,rest
151,404,92121,rest
152,382,92387,rest
153,437,92273,rest
154,382,92353,rest
155,401,92406,rest
156,398,91914,rest
157,475,92399,rest
158,411,91939,rest
159,480,92019,rest
160,387,91597,rest
161,431,91933,rest
162,553,92241,rest
163,466,92435,rest
164,486,92845,rest
165,408,92177,rest
166,633,92265,rest
167,406,91911,rest
168,391,92121,rest
169,585,91891,rest
170,419,92503,rest
171,495,92643,rest
172,569,92095,rest
173,481,93299,rest
174,558,92099,rest
175,432,92111,rest
176,390,93609,rest
177,556,93205,rest
178,399,92903,rest
179,437,92711,rest
180,471,92203,rest
181,430,92697,rest
182,562,92133,rest
183,436,93285,rest
184,608,92677,rest
185,433,92737,rest
186,599,92501,rest
187,432,92827,rest
188,438,92775,rest
189,478,92159,rest
190,451,91897,rest
191,380,92097,rest
192,387,92293,rest
193,462,93027,rest
194,504,92555,rest
