currentPage,requestTime,contentLength
1,483,88994
2,560,88994
3,440,89331
4,550,89777
5,795,89849
6,417,90443
7,470,90689
8,613,90424
9,493,91481
10,431,90777
11,493,90795
12,427,90155
13,591,90734
14,416,90288
15,456,90606
16,402,90424
17,572,89962
18,584,90195
19,420,90887
20,461,90786
21,415,90589
22,466,90666
23,456,91000
24,464,91075
25,569,91145
26,446,90668
27,447,90741
28,430,91065
29,581,91157
30,407,91199
31,489,90943
32,395,90577
33,483,90913
34,434,90691
35,477,90567
36,410,90423
37,448,90907
38,602,90624
39,435,90521
40,539,91499
41,485,90505
42,487,91429
43,558,90681
44,438,90551
45,435,90453
46,595,90861
47,466,91385
48,440,90981
49,473,90992
50,453,91351
51,393,90939
52,565,91659
53,401,91425
54,469,90759
55,499,91444
56,590,91075
57,562,91861
58,417,90703
59,488,91187
60,400,91899
61,554,90811
62,491,91585
63,433,90967
64,407,91533
65,402,91413
66,415,91099
67,577,90783
68,465,91759
69,430,91431
70,553,91341
71,453,90643
72,445,91513
73,511,91371
74,464,91183
75,546,91371
76,488,90661
77,423,91279
78,509,91817
79,426,91683
80,637,92269
81,605,91057
82,561,90953
83,421,91513
84,422,91291
85,612,91077
86,428,92039
87,482,91705
88,418,91317
89,441,91945
90,411,91187
91,483,92043
92,486,91117
93,559,91139
94,606,92077
95,492,91849
96,503,91881
97,482,91297
98,476,91657
99,475,92131
100,478,91621
101,415,91089
102,595,91195
103,498,91457
104,458,92161
105,582,91571
106,474,91287
107,578,91839
108,589,92154
109,592,91281
110,497,92601
111,414,92089
112,482,91453
113,436,91623
114,463,91609
115,481,92329
116,420,91595
117,510,92535
118,584,92237
119,564,91684
120,450,91615
121,500,91639
122,437,92417
123,434,92789
124,589,92661
125,433,92067
126,491,92247
127,492,91763
128,422,92069
129,483,92013
130,497,92409
131,431,92307
132,404,92121
133,407,91664
134,505,92323
135,468,92053
136,437,91929
137,573,92125
138,460,92435
139,463,91424
140,426,92103
141,441,91721
142,474,91625
143,454,92215
144,569,92522
145,598,91889
146,430,91833
147,843,91927
148,481,91813
149,443,92863
150,613,91787
151,592,92183
152,421,92425
153,481,92385
154,494,92323
155,449,92374
156,566,91962
157,485,92349
158,474,91919
159,523,91953
160,439,91791
161,438,91857
162,488,92351
163,449,92279
164,486,92861
165,506,92271
166,482,92291
167,507,91909
168,425,91891
169,449,91977
170,477,92503
171,480,92645
172,462,92009
173,427,93359
174,591,92133
175,461,92071
176,486,93433
177,502,93061
178,474,93037
179,503,92749
180,431,92213
181,427,92789
182,464,92049
183,487,93289
184,558,92611
185,474,92679
186,478,92429
187,485,93073
188,416,92669
189,484,92119
190,474,91971
191,503,92069
192,594,92125
193,571,93091
194,485,92597
