nameWithOwner;url;star;age;lastUpdate;releases;issuesOpen;issuesClosed;issuesProportion;pullRequests;primaryLanguage
freeCodeCamp/freeCodeCamp;https://github.com/freeCodeCamp/freeCodeCamp;329303;2442;0;0;110;15418;0.99;15367;JavaScript
996icu/996.ICU;https://github.com/996icu/996.ICU;258565;889;0;0;0;0;-1.0;1020;Rust
EbookFoundation/free-programming-books;https://github.com/EbookFoundation/free-programming-books;201786;2881;0;0;20;576;0.97;3535;None
jwasham/coding-interview-university;https://github.com/jwasham/coding-interview-university;190678;1913;0;0;35;242;0.87;250;None
vuejs/vue;https://github.com/vuejs/vue;187556;2956;0;210;319;9238;0.97;1046;JavaScript
facebook/react;https://github.com/facebook/react;173906;3021;0;96;609;10067;0.94;7776;JavaScript
kamranahmedse/developer-roadmap;https://github.com/kamranahmedse/developer-roadmap;169834;1630;0;4;69;464;0.87;62;None
sindresorhus/awesome;https://github.com/sindresorhus/awesome;167838;2608;0;0;20;264;0.93;553;Shell
tensorflow/tensorflow;https://github.com/tensorflow/tensorflow;158776;2125;0;145;3226;29489;0.90;13172;C++
public-apis/public-apis;https://github.com/public-apis/public-apis;153978;1990;0;0;4;283;0.99;1192;Python
twbs/bootstrap;https://github.com/twbs/bootstrap;152671;3686;0;72;312;20451;0.98;7127;JavaScript
getify/You-Dont-Know-JS;https://github.com/getify/You-Dont-Know-JS;143550;2846;0;0;79;799;0.91;350;None
CyC2018/CS-Notes;https://github.com/CyC2018/CS-Notes;137529;1295;0;0;76;430;0.85;375;Java
flutter/flutter;https://github.com/flutter/flutter;128556;2370;0;0;9375;49424;0.84;21669;Dart
github/gitignore;https://github.com/github/gitignore;122659;3949;0;0;0;0;-1.0;1445;None
microsoft/vscode;https://github.com/microsoft/vscode;120768;2189;0;44;5892;113003;0.95;7408;TypeScript
danistefanovic/build-your-own-x;https://github.com/danistefanovic/build-your-own-x;116223;1210;0;0;126;307;0.71;84;None
airbnb/javascript;https://github.com/airbnb/javascript;113750;3225;0;0;83;1018;0.92;765;JavaScript
Snailclimb/JavaGuide;https://github.com/Snailclimb/JavaGuide;109916;1212;0;0;54;600;0.92;502;Java
jackfrued/Python-100-Days;https://github.com/jackfrued/Python-100-Days;107633;1279;0;0;424;87;0.17;12;Python
vinta/awesome-python;https://github.com/vinta/awesome-python;102180;2622;0;0;4;191;0.98;525;Python
ytdl-org/youtube-dl;https://github.com/ytdl-org/youtube-dl;99591;3957;0;340;3764;20345;0.84;1528;Python
d3/d3;https://github.com/d3/d3;98042;3991;0;169;3;2089;1.00;438;JavaScript
facebook/react-native;https://github.com/facebook/react-native;97558;2426;0;163;1602;20108;0.93;621;JavaScript
electron/electron;https://github.com/electron/electron;96535;3064;0;809;1163;14467;0.93;12883;C++
labuladong/fucking-algorithm;https://github.com/labuladong/fucking-algorithm;95223;559;0;0;25;240;0.91;202;None
ossu/computer-science;https://github.com/ossu/computer-science;94720;2677;0;0;12;530;0.98;191;None
jlevy/the-art-of-command-line;https://github.com/jlevy/the-art-of-command-line;94009;2295;0;0;99;86;0.46;303;None
facebook/create-react-app;https://github.com/facebook/create-react-app;89963;1871;0;81;940;6207;0.87;1886;JavaScript
golang/go;https://github.com/golang/go;89346;2570;0;0;7094;38729;0.85;0;Go
axios/axios;https://github.com/axios/axios;87489;2570;0;26;192;2927;0.94;399;JavaScript
justjavac/free-programming-books-zh_CN;https://github.com/justjavac/free-programming-books-zh_CN;82517;2858;0;3;0;0;-1.0;269;None
30-seconds/30-seconds-of-code;https://github.com/30-seconds/30-seconds-of-code;82296;1371;0;4;1;275;1.00;749;JavaScript
kubernetes/kubernetes;https://github.com/kubernetes/kubernetes;80511;2643;0;485;1735;37405;0.96;48953;Go
denoland/deno;https://github.com/denoland/deno;77589;1205;0;142;594;4185;0.88;5297;Rust
microsoft/terminal;https://github.com/microsoft/terminal;76769;1481;0;56;1314;7176;0.85;2178;C++
angular/angular;https://github.com/angular/angular;76159;2539;0;87;1742;21274;0.92;2993;TypeScript
ant-design/ant-design;https://github.com/ant-design/ant-design;74096;2321;0;421;669;21252;0.97;7593;TypeScript
microsoft/TypeScript;https://github.com/microsoft/TypeScript;73873;2632;0;141;4926;26357;0.84;10986;TypeScript
puppeteer/puppeteer;https://github.com/puppeteer/puppeteer;73028;1575;0;69;1668;3294;0.66;1971;TypeScript
vercel/next.js;https://github.com/vercel/next.js;72679;1791;0;1115;1011;9245;0.90;7039;JavaScript
animate-css/animate.css;https://github.com/animate-css/animate.css;72042;3611;0;22;9;775;0.99;274;CSS
tensorflow/models;https://github.com/tensorflow/models;71084;2035;0;17;1061;5507;0.84;2185;Python
mui-org/material-ui;https://github.com/mui-org/material-ui;70693;2570;0;317;524;13134;0.96;11507;JavaScript
PanJiaChen/vue-element-admin;https://github.com/PanJiaChen/vue-element-admin;70362;1598;0;49;972;2265;0.70;313;Vue
iluwatar/java-design-patterns;https://github.com/iluwatar/java-design-patterns;69735;2579;0;0;228;449;0.66;762;Java
avelino/awesome-go;https://github.com/avelino/awesome-go;67766;2613;0;0;29;284;0.91;2439;Go
MisterBooo/LeetCodeAnimation;https://github.com/MisterBooo/LeetCodeAnimation;66646;999;0;0;11;42;0.79;63;Java
laravel/laravel;https://github.com/laravel/laravel;66379;3738;0;86;0;0;-1.0;1331;PHP
FortAwesome/Font-Awesome;https://github.com/FortAwesome/Font-Awesome;66037;3483;0;43;5700;11796;0.67;184;JavaScript
storybookjs/storybook;https://github.com/storybookjs/storybook;64395;1993;0;848;1273;6680;0.84;5820;TypeScript
awesome-selfhosted/awesome-selfhosted;https://github.com/awesome-selfhosted/awesome-selfhosted;62815;2284;0;0;92;529;0.85;1615;JavaScript
vuejs/awesome-vue;https://github.com/vuejs/awesome-vue;62039;2143;0;0;24;177;0.88;3187;None
moby/moby;https://github.com/moby/moby;61012;3147;0;97;3882;17184;0.82;16937;Go
gothinkster/realworld;https://github.com/gothinkster/realworld;59961;2013;0;0;44;402;0.90;184;Shell
django/django;https://github.com/django/django;59396;3413;0;0;0;0;-1.0;6764;Python
webpack/webpack;https://github.com/webpack/webpack;59167;3461;0;342;185;8275;0.98;3863;JavaScript
tonsky/FiraCode;https://github.com/tonsky/FiraCode;57962;2485;0;26;279;824;0.75;106;Clojure
apple/swift;https://github.com/apple/swift;57106;2139;0;33;0;0;-1.0;34192;C++
hakimel/reveal.js;https://github.com/hakimel/reveal.js;57097;3738;0;34;572;1433;0.71;349;JavaScript
spring-projects/spring-boot;https://github.com/spring-projects/spring-boot;56933;3238;0;106;458;22289;0.98;41;Java
yangshun/tech-interview-handbook;https://github.com/yangshun/tech-interview-handbook;56895;1883;0;0;2;29;0.94;145;JavaScript
bitcoin/bitcoin;https://github.com/bitcoin/bitcoin;56733;3908;0;35;612;5814;0.90;10594;C++
pallets/flask;https://github.com/pallets/flask;56473;4165;0;14;18;2172;0.99;1248;Python
opencv/opencv;https://github.com/opencv/opencv;56383;3330;0;54;1911;6345;0.77;9925;C++
doocs/advanced-java;https://github.com/doocs/advanced-java;56315;1060;0;0;4;112;0.97;61;Java
elastic/elasticsearch;https://github.com/elastic/elasticsearch;56281;4222;0;55;3030;24772;0.89;41694;Java
typicode/json-server;https://github.com/typicode/json-server;56061;2834;0;10;518;440;0.46;97;JavaScript
ryanmcdermott/clean-code-javascript;https://github.com/ryanmcdermott/clean-code-javascript;55981;1740;0;0;34;72;0.68;146;JavaScript
atom/atom;https://github.com/atom/atom;55962;3511;0;534;694;15969;0.96;3880;JavaScript
thedaviddias/Front-End-Checklist;https://github.com/thedaviddias/Front-End-Checklist;55844;1415;0;1;2;125;0.98;168;None
netdata/netdata;https://github.com/netdata/netdata;55795;2997;0;47;214;6145;0.97;4471;C
jquery/jquery;https://github.com/jquery/jquery;55311;4533;0;2;67;2058;0.97;516;JavaScript
practical-tutorials/project-based-learning;https://github.com/practical-tutorials/project-based-learning;55275;1602;0;0;11;33;0.75;164;None
socketio/socket.io;https://github.com/socketio/socket.io;54277;4191;0;42;152;2934;0.95;396;JavaScript
expressjs/express;https://github.com/expressjs/express;54246;4449;0;141;110;3465;0.97;220;JavaScript
xingshaocheng/architect-awesome;https://github.com/xingshaocheng/architect-awesome;54100;1243;0;0;45;19;0.30;49;None
gohugoio/hugo;https://github.com/gohugoio/hugo;53893;2980;0;163;605;4917;0.89;1451;Go
kdn251/interviews;https://github.com/kdn251/interviews;53723;1659;0;0;28;18;0.39;42;Java
adam-p/markdown-here;https://github.com/adam-p/markdown-here;52919;3398;0;11;278;302;0.52;20;JavaScript
shadowsocks/shadowsocks-windows;https://github.com/shadowsocks/shadowsocks-windows;52869;3151;0;54;39;2668;0.99;277;C#
keras-team/keras;https://github.com/keras-team/keras;52259;2349;0;28;361;10393;0.97;2498;Python
macrozheng/mall;https://github.com/macrozheng/mall;52089;1246;0;1;19;381;0.95;0;Java
httpie/httpie;https://github.com/httpie/httpie;51810;3475;0;36;119;573;0.83;195;Python
chrislgarry/Apollo-11;https://github.com/chrislgarry/Apollo-11;51338;2707;0;0;58;309;0.84;296;Assembly
pytorch/pytorch;https://github.com/pytorch/pytorch;50551;1844;0;34;6632;15322;0.70;4602;C++
protocolbuffers/protobuf;https://github.com/protocolbuffers/protobuf;50358;2562;0;80;1082;3494;0.76;3174;C++
rails/rails;https://github.com/rails/rails;48939;4891;0;45;346;14583;0.98;18631;Ruby
kelseyhightower/nocode;https://github.com/kelseyhightower/nocode;48738;1302;0;1;3508;514;0.13;1;Dockerfile
ripienaar/free-for-dev;https://github.com/ripienaar/free-for-dev;48630;2358;0;0;0;0;-1.0;1575;HTML
fatedier/frp;https://github.com/fatedier/frp;47958;2080;0;65;88;1954;0.96;337;Go
trimstray/the-book-of-secret-knowledge;https://github.com/trimstray/the-book-of-secret-knowledge;47733;1165;0;0;7;47;0.87;105;None
apache/echarts;https://github.com/apache/echarts;47661;3073;0;90;2255;12182;0.84;836;TypeScript
cdr/code-server;https://github.com/cdr/code-server;47645;916;0;66;330;2097;0.86;792;TypeScript
scikit-learn/scikit-learn;https://github.com/scikit-learn/scikit-learn;47013;4032;0;23;1651;7082;0.81;7780;Python
neovim/neovim;https://github.com/neovim/neovim;46726;2769;0;22;1193;5844;0.83;5414;Vim script
521xueweihan/HelloGitHub;https://github.com/521xueweihan/HelloGitHub;46370;1945;0;9;8;1803;1.00;14;Python
tailwindlabs/tailwindcss;https://github.com/tailwindlabs/tailwindcss;46260;1425;0;153;58;1617;0.97;1031;JavaScript
moment/moment;https://github.com/moment/moment;45940;3837;0;0;121;3788;0.97;709;JavaScript
psf/requests;https://github.com/psf/requests;45908;3852;0;0;207;3235;0.94;1399;Python
scutan90/DeepLearning-500-questions;https://github.com/scutan90/DeepLearning-500-questions;45808;1161;0;0;95;79;0.45;300;JavaScript
Hack-with-Github/Awesome-Hacking;https://github.com/Hack-with-Github/Awesome-Hacking;45652;1980;0;0;0;0;-1.0;25;None
awesomedata/awesome-public-datasets;https://github.com/awesomedata/awesome-public-datasets;45647;2476;0;0;48;46;0.49;188;None
home-assistant/core;https://github.com/home-assistant/core;45360;2905;0;810;952;21622;0.96;27217;Python
jaywcjlove/awesome-mac;https://github.com/jaywcjlove/awesome-mac;45305;1871;0;0;69;230;0.77;557;JavaScript
necolas/normalize.css;https://github.com/necolas/normalize.css;45177;3772;0;0;34;445;0.93;56;CSS
ionic-team/ionic-framework;https://github.com/ionic-team/ionic-framework;45158;2933;0;249;643;18515;0.97;2987;TypeScript
ReactiveX/RxJava;https://github.com/ReactiveX/RxJava;45117;3157;0;225;11;3047;1.00;3031;Java
mtdvio/every-programmer-should-know;https://github.com/mtdvio/every-programmer-should-know;45017;1468;0;0;14;16;0.53;86;None
enaqx/awesome-react;https://github.com/enaqx/awesome-react;44987;2582;0;0;9;68;0.88;750;None
jgthms/bulma;https://github.com/jgthms/bulma;44158;2047;0;16;179;2149;0.92;567;CSS
spring-projects/spring-framework;https://github.com/spring-projects/spring-framework;44130;3920;0;210;1075;20063;0.95;694;Java
florinpop17/app-ideas;https://github.com/florinpop17/app-ideas;44000;918;0;0;34;29;0.46;149;None
remix-run/react-router;https://github.com/remix-run/react-router;43891;2664;0;156;39;5899;0.99;1212;JavaScript
azl397985856/leetcode;https://github.com/azl397985856/leetcode;43881;1250;0;37;8;221;0.97;218;JavaScript
google/material-design-icons;https://github.com/google/material-design-icons;43721;2519;0;16;326;710;0.69;35;None
grafana/grafana;https://github.com/grafana/grafana;43661;2820;0;240;1872;19439;0.91;14270;TypeScript
leonardomso/33-js-concepts;https://github.com/leonardomso/33-js-concepts;43278;1092;0;0;4;27;0.87;107;JavaScript
jekyll/jekyll;https://github.com/jekyll/jekyll;43257;4698;0;100;85;4364;0.98;2947;Ruby
meteor/meteor;https://github.com/meteor/meteor;42592;3513;0;0;90;8477;0.99;1423;JavaScript
DopplerHQ/awesome-interview-questions;https://github.com/DopplerHQ/awesome-interview-questions;42230;2103;0;0;0;27;1.00;167;None
google/guava;https://github.com/google/guava;42200;2651;0;32;639;2639;0.81;354;Java
sindresorhus/awesome-nodejs;https://github.com/sindresorhus/awesome-nodejs;42197;2608;0;0;2;91;0.98;378;None
godotengine/godot;https://github.com/godotengine/godot;41743;2796;0;32;5457;23789;0.81;17467;C++
sdmg15/Best-websites-a-programmer-should-visit;https://github.com/sdmg15/Best-websites-a-programmer-should-visit;41731;1640;0;0;1;56;0.98;301;None
NARKOZ/hacker-scripts;https://github.com/NARKOZ/hacker-scripts;41687;2110;0;0;33;33;0.50;62;JavaScript
tesseract-ocr/tesseract;https://github.com/tesseract-ocr/tesseract;41634;2576;0;12;326;1810;0.85;1202;C++
soimort/you-get;https://github.com/soimort/you-get;41566;3298;0;113;0;0;-1.0;541;Python
scrapy/scrapy;https://github.com/scrapy/scrapy;41431;4209;0;20;484;2015;0.81;1713;Python
ageitgey/face_recognition;https://github.com/ageitgey/face_recognition;41246;1642;0;2;618;546;0.47;87;Python
wasabeef/awesome-android-ui;https://github.com/wasabeef/awesome-android-ui;41184;2443;0;0;1;89;0.99;89;None
minimaxir/big-list-of-naughty-strings;https://github.com/minimaxir/big-list-of-naughty-strings;41068;2215;0;0;51;28;0.35;90;Python
aymericdamien/TensorFlow-Examples;https://github.com/aymericdamien/TensorFlow-Examples;41063;2120;0;0;157;68;0.30;87;Jupyter Notebook
square/okhttp;https://github.com/square/okhttp;40693;3326;0;0;116;3351;0.97;2669;Kotlin
serverless/serverless;https://github.com/serverless/serverless;40653;2325;0;281;878;4455;0.84;3711;JavaScript
prettier/prettier;https://github.com/prettier/prettier;40432;1736;0;75;734;4393;0.86;5190;JavaScript
TheAlgorithms/Java;https://github.com/TheAlgorithms/Java;40323;1872;0;0;12;381;0.97;529;Java
apache/superset;https://github.com/apache/superset;40235;2233;0;41;981;6047;0.86;7425;Python
juliangarnier/anime;https://github.com/juliangarnier/anime;40226;1997;0;14;143;471;0.77;71;JavaScript
nestjs/nest;https://github.com/nestjs/nest;40127;1669;0;55;50;3632;0.99;3189;TypeScript
yarnpkg/yarn;https://github.com/yarnpkg/yarn;40053;2051;0;142;1759;4492;0.72;1652;JavaScript
python/cpython;https://github.com/python/cpython;39898;1663;0;0;0;0;-1.0;22532;Python
syncthing/syncthing;https://github.com/syncthing/syncthing;39867;2835;0;271;275;4357;0.94;2000;Go
babel/babel;https://github.com/babel/babel;39576;2529;0;268;584;7243;0.93;4359;JavaScript
ColorlibHQ/AdminLTE;https://github.com/ColorlibHQ/AdminLTE;39376;2807;0;70;49;2518;0.98;847;JavaScript
android/architecture-samples;https://github.com/android/architecture-samples;39359;2034;0;0;127;282;0.69;176;Kotlin
strapi/strapi;https://github.com/strapi/strapi;39222;2162;0;181;506;4803;0.90;3585;JavaScript
git/git;https://github.com/git/git;39177;4787;0;0;0;0;-1.0;3;C
parcel-bundler/parcel;https://github.com/parcel-bundler/parcel;38822;1485;0;5;548;3397;0.86;1719;JavaScript
junegunn/fzf;https://github.com/junegunn/fzf;38819;2869;0;11;235;1771;0.88;291;Go
ziishaned/learn-regex;https://github.com/ziishaned/learn-regex;38712;1501;0;0;41;33;0.45;106;None
iptv-org/iptv;https://github.com/iptv-org/iptv;38711;1021;0;0;62;1341;0.96;2453;JavaScript
square/retrofit;https://github.com/square/retrofit;38625;4012;0;0;121;2394;0.95;738;Java
Dogfalo/materialize;https://github.com/Dogfalo/materialize;38595;2545;0;41;624;4575;0.88;449;JavaScript
JetBrains/kotlin;https://github.com/JetBrains/kotlin;38580;3487;0;170;0;0;-1.0;1865;Kotlin
prometheus/prometheus;https://github.com/prometheus/prometheus;38515;3202;0;185;351;3802;0.92;3921;Go
astaxie/build-web-application-with-golang;https://github.com/astaxie/build-web-application-with-golang;38490;3316;0;0;105;181;0.63;757;Go
nwjs/nw.js;https://github.com/nwjs/nw.js;38341;3527;0;0;846;6091;0.88;563;JavaScript
TryGhost/Ghost;https://github.com/TryGhost/Ghost;38292;3041;0;441;39;6106;0.99;5561;JavaScript
kon9chunkit/GitHub-Chinese-Top-Charts;https://github.com/kon9chunkit/GitHub-Chinese-Top-Charts;38216;727;0;0;137;53;0.28;0;Java
deepfakes/faceswap;https://github.com/deepfakes/faceswap;38214;1351;0;3;13;693;0.98;329;Python
vsouza/awesome-ios;https://github.com/vsouza/awesome-ios;38186;2609;0;0;1;443;1.00;2152;Swift
v2ray/v2ray-core;https://github.com/v2ray/v2ray-core;37998;2188;0;247;22;2369;0.99;202;Go
prakhar1989/awesome-courses;https://github.com/prakhar1989/awesome-courses;37974;2481;0;0;29;34;0.54;184;None
nuxt/nuxt.js;https://github.com/nuxt/nuxt.js;37653;1770;0;150;352;6048;0.94;2315;JavaScript
gogs/gogs;https://github.com/gogs/gogs;37583;2758;0;60;757;3999;0.84;1199;Go
mermaid-js/mermaid;https://github.com/mermaid-js/mermaid;37477;2495;0;71;452;1049;0.70;627;JavaScript
lydiahallie/javascript-questions;https://github.com/lydiahallie/javascript-questions;37460;811;0;0;49;126;0.72;262;None
x64dbg/x64dbg;https://github.com/x64dbg/x64dbg;37283;2334;0;3;477;1546;0.76;526;C++
Solido/awesome-flutter;https://github.com/Solido/awesome-flutter;37219;1577;0;0;0;0;-1.0;391;Dart
nodejs/node-v0.x-archive;https://github.com/nodejs/node-v0.x-archive;34845;4479;1;0;535;5847;0.92;218;None
styled-components/styled-components;https://github.com/styled-components/styled-components;34603;1841;0;111;21;2385;0.99;823;TypeScript
microsoft/Web-Dev-For-Beginners;https://github.com/microsoft/Web-Dev-For-Beginners;34582;295;0;0;4;129;0.97;174;JavaScript
caddyserver/caddy;https://github.com/caddyserver/caddy;34435;2422;0;89;69;2639;0.97;1212;Go
MunGell/awesome-for-beginners;https://github.com/MunGell/awesome-for-beginners;34312;2138;0;0;4;79;0.95;321;None
tldr-pages/tldr;https://github.com/tldr-pages/tldr;34154;2823;0;2;122;641;0.84;4980;Markdown
pixijs/pixijs;https://github.com/pixijs/pixijs;34046;3144;0;142;58;4523;0.99;2170;TypeScript
chinese-poetry/chinese-poetry;https://github.com/chinese-poetry/chinese-poetry;34002;1825;0;1;63;77;0.55;96;JavaScript
discourse/discourse;https://github.com/discourse/discourse;33944;3154;0;0;0;0;-1.0;11859;Ruby
localstack/localstack;https://github.com/localstack/localstack;33846;1771;0;37;305;2484;0.89;1539;Python
GitSquared/edex-ui;https://github.com/GitSquared/edex-ui;33541;1676;0;28;22;535;0.96;397;JavaScript
Marak/faker.js;https://github.com/Marak/faker.js;33351;4127;0;0;190;371;0.66;308;JavaScript
hexojs/hexo;https://github.com/hexojs/hexo;33349;3264;0;101;84;3632;0.98;717;JavaScript
danielmiessler/SecLists;https://github.com/danielmiessler/SecLists;33321;3482;0;14;16;145;0.90;379;PHP
AFNetworking/AFNetworking;https://github.com/AFNetworking/AFNetworking;33221;3745;0;40;51;3059;0.98;709;Objective-C
fighting41love/funNLP;https://github.com/fighting41love/funNLP;33141;1106;0;0;14;28;0.67;9;Python
fffaraz/awesome-cpp;https://github.com/fffaraz/awesome-cpp;33096;2602;0;0;337;162;0.32;456;None
shadowsocks/shadowsocks;https://github.com/shadowsocks/shadowsocks;33042;3420;0;2;0;0;-1.0;70;Python
slatedocs/slate;https://github.com/slatedocs/slate;33036;2909;0;25;30;543;0.95;258;SCSS
cypress-io/cypress;https://github.com/cypress-io/cypress;32931;2373;0;245;1599;6959;0.81;2802;JavaScript
fastlane/fastlane;https://github.com/fastlane/fastlane;32809;2464;0;497;100;11536;0.99;5728;Ruby
Avik-Jain/100-Days-Of-ML-Code;https://github.com/Avik-Jain/100-Days-Of-ML-Code;32765;1153;0;0;0;0;-1.0;6;None
tiimgreen/github-cheat-sheet;https://github.com/tiimgreen/github-cheat-sheet;32731;2698;0;0;6;41;0.87;129;None
alvarotrigo/fullPage.js;https://github.com/alvarotrigo/fullPage.js;32486;2902;0;70;177;3574;0.95;268;JavaScript
gulpjs/gulp;https://github.com/gulpjs/gulp;32320;2980;0;22;22;1826;0.99;395;JavaScript
pi-hole/pi-hole;https://github.com/pi-hole/pi-hole;32309;2641;0;68;87;2225;0.96;1260;Shell
sahat/hackathon-starter;https://github.com/sahat/hackathon-starter;32214;2848;0;13;18;583;0.97;301;JavaScript
huginn/huginn;https://github.com/huginn/huginn;32138;3096;0;0;471;1385;0.75;900;Ruby
ethereum/go-ethereum;https://github.com/ethereum/go-ethereum;32097;2805;0;147;256;5571;0.96;4821;Go
dypsilon/frontend-dev-bookmarks;https://github.com/dypsilon/frontend-dev-bookmarks;31986;2992;0;1;17;78;0.82;129;None
videojs/video.js;https://github.com/videojs/video.js;31955;4127;0;252;329;4221;0.93;1430;JavaScript
vuetifyjs/vuetify;https://github.com/vuetifyjs/vuetify;31932;1815;0;406;1081;9079;0.89;2734;TypeScript
google/material-design-lite;https://github.com/google/material-design-lite;31855;2421;0;14;355;1802;0.84;655;HTML
bradtraversy/design-resources-for-developers;https://github.com/bradtraversy/design-resources-for-developers;31817;482;0;0;0;61;1.00;644;None
shadowsocks/shadowsocks-android;https://github.com/shadowsocks/shadowsocks-android;31796;3180;0;179;18;2314;0.99;241;Kotlin
airbnb/lottie-android;https://github.com/airbnb/lottie-android;31688;1790;0;36;41;1284;0.97;467;Java
Leaflet/Leaflet;https://github.com/Leaflet/Leaflet;31655;3996;0;22;479;4112;0.90;2118;JavaScript
grpc/grpc;https://github.com/grpc/grpc;31651;2458;0;177;707;9002;0.93;13865;C++
koajs/koa;https://github.com/koajs/koa;31647;2964;0;0;24;819;0.97;404;JavaScript
isocpp/CppCoreGuidelines;https://github.com/isocpp/CppCoreGuidelines;31645;2204;0;4;183;743;0.80;693;Python
exacity/deeplearningbook-chinese;https://github.com/exacity/deeplearningbook-chinese;31554;1728;0;7;57;134;0.70;16;TeX
FiloSottile/mkcert;https://github.com/FiloSottile/mkcert;31541;1163;0;13;70;193;0.73;49;Go
kamranahmedse/design-patterns-for-humans;https://github.com/kamranahmedse/design-patterns-for-humans;31462;1657;0;0;7;42;0.86;47;None
blueimp/jQuery-File-Upload;https://github.com/blueimp/jQuery-File-Upload;31078;3926;0;0;80;3221;0.98;116;PHP
apachecn/AiLearning;https://github.com/apachecn/AiLearning;30943;1648;0;2;33;67;0.67;467;Python
vitejs/vite;https://github.com/vitejs/vite;30940;497;0;0;423;2105;0.83;1022;TypeScript
pandas-dev/pandas;https://github.com/pandas-dev/pandas;30897;4026;0;78;3345;17810;0.84;16893;Python
hoppscotch/hoppscotch;https://github.com/hoppscotch/hoppscotch;30840;741;0;11;28;540;0.95;798;Vue
XX-net/XX-Net;https://github.com/XX-net/XX-Net;30814;2420;0;308;7724;5127;0.40;359;Python
alex/what-happens-when;https://github.com/alex/what-happens-when;30742;2855;0;0;87;19;0.18;107;None
Trinea/android-open-project;https://github.com/Trinea/android-open-project;30715;2795;0;0;12;68;0.85;201;None
apache/spark;https://github.com/apache/spark;30692;2744;0;0;0;0;-1.0;5;Scala
Alvin9999/new-pac;https://github.com/Alvin9999/new-pac;30657;1987;0;0;262;852;0.76;0;None
obsproject/obs-studio;https://github.com/obsproject/obs-studio;30562;2892;0;137;419;1179;0.74;2104;C
RocketChat/Rocket.Chat;https://github.com/RocketChat/Rocket.Chat;30527;2296;0;555;2322;11097;0.83;7300;JavaScript
floodsung/Deep-Learning-Papers-Reading-Roadmap;https://github.com/floodsung/Deep-Learning-Papers-Reading-Roadmap;30324;1782;0;0;43;4;0.09;27;Python
ngosang/trackerslist;https://github.com/ngosang/trackerslist;30305;1955;0;0;4;284;0.99;1;None
photonstorm/phaser;https://github.com/photonstorm/phaser;30288;3063;0;116;166;3571;0.96;1388;JavaScript
jondot/awesome-react-native;https://github.com/jondot/awesome-react-native;30241;2350;0;0;27;34;0.56;912;JavaScript
testerSunshine/12306;https://github.com/testerSunshine/12306;30076;1567;0;1;204;461;0.69;31;Python
Kong/kong;https://github.com/Kong/kong;30067;2479;0;110;199;3461;0.95;2649;Lua
wg/wrk;https://github.com/wg/wrk;30025;3451;0;0;101;244;0.71;0;C
ant-design/ant-design-pro;https://github.com/ant-design/ant-design-pro;29967;1467;0;23;124;7479;0.98;859;TypeScript
open-guides/og-aws;https://github.com/open-guides/og-aws;29965;1875;0;0;127;83;0.40;483;Shell
preactjs/preact;https://github.com/preactjs/preact;29790;2182;0;150;153;1267;0.89;1175;JavaScript
akullpp/awesome-java;https://github.com/akullpp/awesome-java;29765;2610;0;0;2;104;0.98;590;None
Blankj/AndroidUtilCode;https://github.com/Blankj/AndroidUtilCode;29763;1858;0;116;91;1239;0.93;73;Java
anuraghazra/github-readme-stats;https://github.com/anuraghazra/github-readme-stats;29759;418;0;0;74;451;0.86;292;JavaScript
shadowsocks/ShadowsocksX-NG;https://github.com/shadowsocks/ShadowsocksX-NG;29713;1908;0;26;239;1016;0.81;60;Swift
swisskyrepo/PayloadsAllTheThings;https://github.com/swisskyrepo/PayloadsAllTheThings;29701;1778;0;1;0;0;-1.0;289;Python
ryanoasis/nerd-fonts;https://github.com/ryanoasis/nerd-fonts;29686;2462;0;20;223;266;0.54;138;CSS
lerna/lerna;https://github.com/lerna/lerna;29662;2097;0;169;632;1468;0.70;581;JavaScript
commaai/openpilot;https://github.com/commaai/openpilot;29593;1742;0;39;99;1048;0.91;2813;C++
NervJS/taro;https://github.com/NervJS/taro;29523;1241;0;94;823;6916;0.89;1649;JavaScript
xitu/gold-miner;https://github.com/xitu/gold-miner;29437;2128;0;0;39;5269;0.99;3372;None
CorentinJ/Real-Time-Voice-Cloning;https://github.com/CorentinJ/Real-Time-Voice-Cloning;29419;828;0;0;22;696;0.97;41;Python
PowerShell/PowerShell;https://github.com/PowerShell/PowerShell;29374;2057;0;100;2994;6418;0.68;5041;C#
bilibili/ijkplayer;https://github.com/bilibili/ijkplayer;29321;3012;0;0;2609;2472;0.49;35;C
sharkdp/bat;https://github.com/sharkdp/bat;29121;1228;0;33;83;815;0.91;811;Rust
foundation/foundation-sites;https://github.com/foundation/foundation-sites;29108;3610;0;71;6;8086;1.00;2931;HTML
faif/python-patterns;https://github.com/faif/python-patterns;29104;3373;0;0;12;62;0.84;248;Python
google-research/bert;https://github.com/google-research/bert;28978;1041;0;0;731;337;0.32;32;Python
Homebrew/brew;https://github.com/Homebrew/brew;28965;2004;0;217;36;3233;0.99;6967;Ruby
getsentry/sentry;https://github.com/getsentry/sentry;28879;4019;0;80;257;4371;0.94;21222;Python
pingcap/tidb;https://github.com/pingcap/tidb;28869;2187;0;129;1841;6722;0.79;16214;Go
hashicorp/terraform;https://github.com/hashicorp/terraform;28737;2728;0;177;1350;16232;0.92;9493;Go
joshbuchea/HEAD;https://github.com/joshbuchea/HEAD;28725;1959;0;0;12;73;0.86;86;None
lukehoban/es6features;https://github.com/lukehoban/es6features;28624;2738;0;0;19;36;0.65;41;None
rclone/rclone;https://github.com/rclone/rclone;28602;2725;0;78;659;3401;0.84;1050;Go
NationalSecurityAgency/ghidra;https://github.com/NationalSecurityAgency/ghidra;28599;915;0;14;985;1591;0.62;214;Java
google/styleguide;https://github.com/google/styleguide;28566;2295;0;0;174;101;0.37;128;HTML
carbon-app/carbon;https://github.com/carbon-app/carbon;28484;1538;0;201;17;524;0.97;574;JavaScript
willmcgugan/rich;https://github.com/willmcgugan/rich;28463;660;0;114;3;503;0.99;330;Python
nativefier/nativefier;https://github.com/nativefier/nativefier;28422;2249;0;68;166;836;0.83;210;TypeScript
iperov/DeepFaceLab;https://github.com/iperov/DeepFaceLab;28421;1184;0;2;329;701;0.68;32;Python
nolimits4web/swiper;https://github.com/nolimits4web/swiper;28349;3457;0;0;123;3880;0.97;428;JavaScript
vuejs/vue-cli;https://github.com/vuejs/vue-cli;28331;2075;0;155;656;4327;0.87;1199;JavaScript
zxing/zxing;https://github.com/zxing/zxing;28303;3611;0;27;7;1095;0.99;173;Java
geekxh/hello-algorithm;https://github.com/geekxh/hello-algorithm;28267;459;0;0;3;31;0.91;23;Java
certbot/certbot;https://github.com/certbot/certbot;28259;2485;0;21;512;4366;0.90;3319;Python
go-gitea/gitea;https://github.com/go-gitea/gitea;26147;1765;0;122;1607;6178;0.79;7882;Go
jashkenas/underscore;https://github.com/jashkenas/underscore;26106;4328;0;0;32;1361;0.98;726;JavaScript
gorhill/uBlock;https://github.com/gorhill/uBlock;26085;2344;0;220;35;3406;0.99;187;JavaScript
golang-standards/project-layout;https://github.com/golang-standards/project-layout;26056;1452;0;0;47;20;0.30;45;Makefile
alibaba/p3c;https://github.com/alibaba/p3c;26014;1530;0;0;92;638;0.87;60;Kotlin
standard/standard;https://github.com/standard/standard;25992;2409;0;0;66;1089;0.94;352;JavaScript
FFmpeg/FFmpeg;https://github.com/FFmpeg/FFmpeg;25963;3792;0;11;0;0;-1.0;15;C
microsoft/monaco-editor;https://github.com/microsoft/monaco-editor;25902;1911;0;0;488;1933;0.80;99;JavaScript
metabase/metabase;https://github.com/metabase/metabase;25877;2402;0;211;2226;7359;0.77;6967;Clojure
Tencent/weui;https://github.com/Tencent/weui;25871;2449;0;23;38;605;0.94;171;Less
houshanren/hangzhou_house_knowledge;https://github.com/houshanren/hangzhou_house_knowledge;25776;1285;0;0;0;0;-1.0;4;CSS
markedjs/marked;https://github.com/markedjs/marked;25769;3691;0;49;42;1114;0.96;635;JavaScript
remy/nodemon;https://github.com/remy/nodemon;22931;3985;0;78;25;1423;0.98;275;JavaScript
scwang90/SmartRefreshLayout;https://github.com/scwang90/SmartRefreshLayout;22910;1551;0;8;194;1160;0.86;6;Java
cmderdev/cmder;https://github.com/cmderdev/cmder;22841;2975;0;29;13;2050;0.99;336;C++
react-hook-form/react-hook-form;https://github.com/react-hook-form/react-hook-form;22837;910;0;400;2;2553;1.00;1333;TypeScript
jobbole/awesome-python-cn;https://github.com/jobbole/awesome-python-cn;22813;2128;0;0;7;14;0.67;49;Makefile
alibaba/flutter-go;https://github.com/alibaba/flutter-go;22796;966;0;4;0;0;-1.0;158;Dart
JakeWharton/butterknife;https://github.com/JakeWharton/butterknife;25734;3101;0;0;95;1071;0.92;346;Java
symfony/symfony;https://github.com/symfony/symfony;25712;4257;0;313;594;15659;0.96;17130;PHP
nvie/gitflow;https://github.com/nvie/gitflow;25240;4241;0;0;225;121;0.35;36;Shell
vlang/v;https://github.com/vlang/v;25188;936;0;64;919;3813;0.81;5602;V
go-gorm/gorm;https://github.com/go-gorm/gorm;25013;2867;0;2;117;3750;0.97;431;Go
airbnb/lottie-web;https://github.com/airbnb/lottie-web;25005;2384;0;0;722;1741;0.71;94;JavaScript
github/fetch;https://github.com/github/fetch;24944;2515;0;38;12;565;0.98;145;JavaScript
vim/vim;https://github.com/vim/vim;24605;2205;0;0;1051;4397;0.81;3;Vim script
pyenv/pyenv;https://github.com/pyenv/pyenv;24418;3287;0;48;26;1280;0.98;552;Shell
geekcompany/ResumeSample;https://github.com/geekcompany/ResumeSample;24197;2549;0;0;0;0;-1.0;2;None
tabler/tabler;https://github.com/tabler/tabler;24029;1307;0;26;60;386;0.87;176;HTML
mqyqingfeng/Blog;https://github.com/mqyqingfeng/Blog;23985;1632;0;0;123;84;0.41;3;None
typicode/husky;https://github.com/typicode/husky;23951;2626;0;55;29;718;0.96;173;JavaScript
GitbookIO/gitbook;https://github.com/GitbookIO/gitbook;23943;2711;0;0;0;0;-1.0;214;JavaScript
CamDavidsonPilon/Probabilistic-Programming-and-Bayesian-Methods-for-Hackers;https://github.com/CamDavidsonPilon/Probabilistic-Programming-and-Bayesian-Methods-for-Hackers;23539;3151;0;0;140;86;0.38;236;Jupyter Notebook
ajaxorg/ace;https://github.com/ajaxorg/ace;23501;3961;0;0;766;1890;0.71;1387;JavaScript
docker/compose;https://github.com/docker/compose;23276;2822;0;151;448;5105;0.92;2034;Python
JedWatson/react-select;https://github.com/JedWatson/react-select;23255;2563;0;23;145;2952;0.95;904;TypeScript
xkcoding/spring-boot-demo;https://github.com/xkcoding/spring-boot-demo;23171;1390;0;0;65;69;0.51;14;Java
denysdovhan/wtfjs;https://github.com/denysdovhan/wtfjs;23120;1509;0;17;3;85;0.97;83;JavaScript
ianstormtaylor/slate;https://github.com/ianstormtaylor/slate;22062;1901;0;29;382;2231;0.85;1347;TypeScript
alebcay/awesome-shell;https://github.com/alebcay/awesome-shell;22024;2613;0;0;23;18;0.44;285;None
balderdashy/sails;https://github.com/balderdashy/sails;22023;3453;0;40;442;5825;0.93;523;JavaScript
influxdata/influxdb;https://github.com/influxdata/influxdb;22016;2896;0;65;1333;10583;0.89;8817;Go
dbeaver/dbeaver;https://github.com/dbeaver/dbeaver;21949;2141;0;135;1390;9722;0.87;1678;Java
airbnb/lottie-ios;https://github.com/airbnb/lottie-ios;21927;1790;0;44;248;699;0.74;325;Swift
Netflix/Hystrix;https://github.com/Netflix/Hystrix;21905;3207;0;79;339;677;0.67;672;Java
OAI/OpenAPI-Specification;https://github.com/OAI/OpenAPI-Specification;21904;2738;0;10;450;1269;0.74;661;JavaScript
sindresorhus/awesome-electron;https://github.com/sindresorhus/awesome-electron;21886;2322;0;0;0;40;1.00;254;None
pure-css/pure;https://github.com/pure-css/pure;21877;3053;0;24;0;559;1.00;164;JavaScript
google/zx;https://github.com/google/zx;21864;118;0;27;5;126;0.96;36;JavaScript
heartcombo/devise;https://github.com/heartcombo/devise;21863;4367;0;15;100;3938;0.98;742;Ruby
nagadomi/waifu2x;https://github.com/nagadomi/waifu2x;21851;2298;0;3;129;189;0.59;66;Lua
dokku/dokku;https://github.com/dokku/dokku;21818;3006;0;199;37;2215;0.98;2141;Shell
CMU-Perceptual-Computing-Lab/openpose;https://github.com/CMU-Perceptual-Computing-Lab/openpose;21813;1590;0;15;144;1564;0.92;148;C++
redux-saga/redux-saga;https://github.com/redux-saga/redux-saga;21803;2102;0;50;202;1212;0.86;631;JavaScript
t4t5/sweetalert;https://github.com/t4t5/sweetalert;21763;2527;0;13;141;540;0.79;82;TypeScript
encode/django-rest-framework;https://github.com/encode/django-rest-framework;21762;3835;0;14;117;3564;0.97;2627;Python
tauri-apps/tauri;https://github.com/tauri-apps/tauri;21762;780;0;199;74;579;0.89;1521;Rust
fouber/blog;https://github.com/fouber/blog;21740;2685;0;0;11;2;0.15;1;None
syl20bnr/spacemacs;https://github.com/syl20bnr/spacemacs;21699;3179;0;158;483;7450;0.94;1227;Emacs Lisp
angular/components;https://github.com/angular/components;21698;2066;0;222;1649;10895;0.87;8991;TypeScript
curl/curl;https://github.com/curl/curl;21695;4184;0;54;18;2949;0.99;137;C
hashicorp/vault;https://github.com/hashicorp/vault;21693;2380;0;24;807;3631;0.82;6842;Go
Polymer/polymer;https://github.com/Polymer/polymer;21680;3295;0;115;253;3648;0.94;1067;HTML
littlecodersh/ItChat;https://github.com/littlecodersh/ItChat;21680;2051;0;13;225;600;0.73;29;Python
LeCoupa/awesome-cheatsheets;https://github.com/LeCoupa/awesome-cheatsheets;21676;1392;0;0;16;31;0.66;125;JavaScript
yunjey/pytorch-tutorial;https://github.com/yunjey/pytorch-tutorial;21650;1635;0;0;60;112;0.65;28;Python
doczjs/docz;https://github.com/doczjs/docz;21636;1264;0;126;84;1106;0.93;354;TypeScript
kubernetes/minikube;https://github.com/kubernetes/minikube;21619;1964;0;122;523;6010;0.92;4884;Go
rust-unofficial/awesome-rust;https://github.com/rust-unofficial/awesome-rust;21583;2602;0;0;14;86;0.86;921;Rust
cfenollosa/os-tutorial;https://github.com/cfenollosa/os-tutorial;21559;2528;0;0;49;81;0.62;11;C
SeleniumHQ/selenium;https://github.com/SeleniumHQ/selenium;21532;3151;0;68;168;7326;0.98;794;Java
mbeaudru/modern-js-cheatsheet;https://github.com/mbeaudru/modern-js-cheatsheet;21530;1443;0;0;6;36;0.86;80;None
donnemartin/data-science-ipython-notebooks;https://github.com/donnemartin/data-science-ipython-notebooks;21521;2412;0;0;10;21;0.68;31;Python
wuyouzhuguli/SpringAll;https://github.com/wuyouzhuguli/SpringAll;21511;1218;0;0;12;24;0.67;1;Java
ovity/octotree;https://github.com/ovity/octotree;21503;2671;0;0;36;662;0.95;249;JavaScript
dmlc/xgboost;https://github.com/dmlc/xgboost;21498;2763;0;35;253;3867;0.94;2553;C++
kahun/awesome-sysadmin;https://github.com/kahun/awesome-sysadmin;21488;2760;0;0;75;22;0.23;183;None
mdbootstrap/mdb-ui-kit;https://github.com/mdbootstrap/mdb-ui-kit;21484;2570;0;13;1;1120;1.00;193;JavaScript
Tencent/wepy;https://github.com/Tencent/wepy;21466;1751;0;8;343;1781;0.84;428;JavaScript
hollischuang/toBeTopJavaer;https://github.com/hollischuang/toBeTopJavaer;21440;1041;0;0;28;60;0.68;50;Java
qiurunze123/miaosha;https://github.com/qiurunze123/miaosha;21404;1083;0;0;32;30;0.48;9;Java
facebook/flow;https://github.com/facebook/flow;21360;2499;0;211;2410;4098;0.63;158;OCaml
trailofbits/algo;https://github.com/trailofbits/algo;21358;1935;0;2;96;1328;0.93;470;Python
fastai/fastai;https://github.com/fastai/fastai;21357;1452;0;31;83;1412;0.94;1474;Jupyter Notebook
pjreddie/darknet;https://github.com/pjreddie/darknet;21324;2699;0;0;1702;518;0.23;9;C
reduxjs/react-redux;https://github.com/reduxjs/react-redux;21322;2243;0;94;33;1094;0.97;433;TypeScript
dimsemenov/PhotoSwipe;https://github.com/dimsemenov/PhotoSwipe;21259;3799;0;11;546;1067;0.66;53;JavaScript
react-native-elements/react-native-elements;https://github.com/react-native-elements/react-native-elements;21217;1818;0;74;61;1759;0.97;974;TypeScript
explosion/spaCy;https://github.com/explosion/spaCy;21205;2616;0;86;72;4744;0.99;2361;Python
balena-io/etcher;https://github.com/balena-io/etcher;21172;2135;0;145;305;1444;0.83;1574;TypeScript
pmndrs/react-spring;https://github.com/pmndrs/react-spring;21154;1273;0;22;47;957;0.95;266;TypeScript
go-kit/kit;https://github.com/go-kit/kit;21122;2402;0;11;38;500;0.93;456;Go
Binaryify/NeteaseCloudMusicApi;https://github.com/Binaryify/NeteaseCloudMusicApi;21107;1896;0;134;71;980;0.93;183;JavaScript
kataras/iris;https://github.com/kataras/iris;21105;2041;0;15;68;715;0.91;178;Go
ramda/ramda;https://github.com/ramda/ramda;21086;2993;0;24;223;1303;0.85;1213;JavaScript
emscripten-core/emscripten;https://github.com/emscripten-core/emscripten;21084;3853;0;0;780;5957;0.88;6794;C
matteocrippa/awesome-swift;https://github.com/matteocrippa/awesome-swift;21075;2609;0;0;1;115;0.99;1339;Swift
signalapp/Signal-Android;https://github.com/signalapp/Signal-Android;21065;3547;0;0;1331;7732;0.85;238;Java
tj/commander.js;https://github.com/tj/commander.js;21063;3670;0;60;7;802;0.99;519;JavaScript
guzzle/guzzle;https://github.com/guzzle/guzzle;21058;3838;0;43;18;1684;0.99;843;PHP
immerjs/immer;https://github.com/immerjs/immer;21051;1341;0;87;11;502;0.98;263;JavaScript
MostlyAdequate/mostly-adequate-guide;https://github.com/MostlyAdequate/mostly-adequate-guide;20977;2310;0;1;61;202;0.77;270;JavaScript
alibaba/easyexcel;https://github.com/alibaba/easyexcel;20967;1303;0;1;184;1671;0.90;64;Java
jgraph/drawio-desktop;https://github.com/jgraph/drawio-desktop;20955;1559;0;68;191;437;0.70;12;JavaScript
byoungd/English-level-up-tips-for-Chinese;https://github.com/byoungd/English-level-up-tips-for-Chinese;20926;1554;0;0;12;44;0.79;20;None
kriasoft/react-starter-kit;https://github.com/kriasoft/react-starter-kit;20926;2694;0;5;4;1165;1.00;486;TypeScript
sqlmapproject/sqlmap;https://github.com/sqlmapproject/sqlmap;20924;3353;0;6;46;4357;0.99;128;Python
markerikson/react-redux-links;https://github.com/markerikson/react-redux-links;20916;2049;0;0;14;22;0.61;59;None
lukasz-madon/awesome-remote-job;https://github.com/lukasz-madon/awesome-remote-job;20869;2434;0;0;3;39;0.93;512;None
ccxt/ccxt;https://github.com/ccxt/ccxt;20856;1570;0;0;508;5488;0.92;3305;JavaScript
mattermost/mattermost-server;https://github.com/mattermost/mattermost-server;20834;2269;0;262;710;5195;0.88;10741;Go
ReactiveX/RxSwift;https://github.com/ReactiveX/RxSwift;20819;2338;0;70;5;1133;1.00;724;Swift
vuejs/devtools;https://github.com/vuejs/devtools;20809;2529;0;49;310;861;0.74;217;TypeScript
bevacqua/dragula;https://github.com/bevacqua/dragula;20793;2332;0;0;95;406;0.81;57;JavaScript
android/architecture-components-samples;https://github.com/android/architecture-components-samples;20773;1575;0;0;126;526;0.81;205;Kotlin
mochajs/mocha;https://github.com/mochajs/mocha;20737;3830;0;67;223;2509;0.92;1112;JavaScript
inconshreveable/ngrok;https://github.com/inconshreveable/ngrok;20731;3086;0;0;300;402;0.57;34;Go
facebook/draft-js;https://github.com/facebook/draft-js;20727;2020;0;26;726;951;0.57;212;JavaScript
google/iosched;https://github.com/google/iosched;20724;2709;0;2;37;185;0.83;62;Kotlin
jamiebuilds/the-super-tiny-compiler;https://github.com/jamiebuilds/the-super-tiny-compiler;20691;2000;0;0;0;0;-1.0;20;JavaScript
seata/seata;https://github.com/seata/seata;20669;977;0;31;506;1743;0.78;1317;Java
firstcontributions/first-contributions;https://github.com/firstcontributions/first-contributions;20658;1806;0;0;59;310;0.84;35377;None
facebook/rocksdb;https://github.com/facebook/rocksdb;20638;3196;0;140;407;1889;0.82;556;C++
vapor/vapor;https://github.com/vapor/vapor;20620;2052;0;414;71;1339;0.95;990;Swift
Wox-launcher/Wox;https://github.com/Wox-launcher/Wox;20612;2812;0;38;700;2384;0.77;280;C#
swagger-api/swagger-ui;https://github.com/swagger-api/swagger-ui;20602;3700;0;198;614;3945;0.87;1994;JavaScript
usablica/intro.js;https://github.com/usablica/intro.js;20600;3096;0;28;28;645;0.96;269;JavaScript
feathericons/feather;https://github.com/feathericons/feather;20591;2652;0;50;327;219;0.40;92;JavaScript
labstack/echo;https://github.com/labstack/echo;20563;2375;0;85;43;1152;0.96;411;Go
rollup/rollup;https://github.com/rollup/rollup;20547;2301;0;292;324;2335;0.88;1310;JavaScript
matterport/Mask_RCNN;https://github.com/matterport/Mask_RCNN;20488;1412;0;3;1651;773;0.32;65;Python
paularmstrong/normalizr;https://github.com/paularmstrong/normalizr;20422;2568;0;25;21;278;0.93;98;JavaScript
NativeScript/NativeScript;https://github.com/NativeScript/NativeScript;20405;2375;0;99;920;5351;0.85;2752;TypeScript
lovell/sharp;https://github.com/lovell/sharp;20363;2934;0;40;114;2449;0.96;200;JavaScript
Meituan-Dianping/mpvue;https://github.com/Meituan-Dianping/mpvue;20348;1274;0;19;422;1264;0.75;64;JavaScript
chakra-ui/chakra-ui;https://github.com/chakra-ui/chakra-ui;20316;745;0;1110;100;1945;0.95;1425;TypeScript
fastify/fastify;https://github.com/fastify/fastify;20305;1798;0;185;64;1146;0.95;1667;JavaScript
HeroTransitions/Hero;https://github.com/HeroTransitions/Hero;20299;1741;0;37;176;402;0.70;110;Swift
alibaba/canal;https://github.com/alibaba/canal;20297;3152;0;21;676;2567;0.79;346;Java
openfaas/faas;https://github.com/openfaas/faas;20284;1713;0;145;25;716;0.97;647;Go
veggiemonk/awesome-docker;https://github.com/veggiemonk/awesome-docker;20282;2536;0;1;0;112;1.00;765;None
ColorlibHQ/gentelella;https://github.com/ColorlibHQ/gentelella;20275;2300;0;7;30;610;0.95;161;HTML
SwiftGGTeam/the-swift-programming-language-in-chinese;https://github.com/SwiftGGTeam/the-swift-programming-language-in-chinese;20263;2647;0;1;14;374;0.96;675;CSS
dromara/hutool;https://github.com/dromara/hutool;20242;2697;0;99;0;1385;1.00;214;Java
mbadolato/iTerm2-Color-Schemes;https://github.com/mbadolato/iTerm2-Color-Schemes;20231;3806;0;0;12;64;0.84;226;Shell
romkatv/powerlevel10k;https://github.com/romkatv/powerlevel10k;20227;919;0;27;14;1409;0.99;94;Shell
wsargent/docker-cheat-sheet;https://github.com/wsargent/docker-cheat-sheet;20220;2583;0;0;5;22;0.81;131;None
topjohnwu/Magisk;https://github.com/topjohnwu/Magisk;20206;1818;0;119;50;3396;0.99;731;C++
react-navigation/react-navigation;https://github.com/react-navigation/react-navigation;20192;1678;0;1055;369;7842;0.96;931;TypeScript
nsqio/nsq;https://github.com/nsqio/nsq;20182;3398;0;30;46;535;0.92;640;Go
komeiji-satori/Dress;https://github.com/komeiji-satori/Dress;20174;1298;0;0;98;245;0.71;445;Standard ML
huihut/interview;https://github.com/huihut/interview;20173;1299;0;0;3;37;0.93;30;C++
helm/helm;https://github.com/helm/helm;20169;2157;0;146;261;5574;0.96;3164;Go
eriklindernoren/ML-From-Scratch;https://github.com/eriklindernoren/ML-From-Scratch;20165;1668;0;0;25;36;0.59;9;Python
tornadoweb/tornado;https://github.com/tornadoweb/tornado;20160;4374;0;0;204;1466;0.88;801;Python
bilibili/flv.js;https://github.com/bilibili/flv.js;20149;1937;0;14;347;286;0.45;20;JavaScript
kilimchoi/engineering-blogs;https://github.com/kilimchoi/engineering-blogs;20138;2271;0;0;4;74;0.95;679;Ruby
stedolan/jq;https://github.com/stedolan/jq;20125;3331;0;9;567;1254;0.69;211;C
servo/servo;https://github.com/servo/servo;20056;3492;0;0;3316;8204;0.71;14016;None
julycoding/The-Art-Of-Programming-By-July;https://github.com/julycoding/The-Art-Of-Programming-By-July;20013;2817;0;0;47;83;0.64;254;C
chenglou/react-motion;https://github.com/chenglou/react-motion;20002;2273;0;4;146;247;0.63;144;JavaScript
ReactiveCocoa/ReactiveCocoa;https://github.com/ReactiveCocoa/ReactiveCocoa;20001;3469;0;81;0;2001;1.00;1342;Swift
jlmakes/scrollreveal;https://github.com/jlmakes/scrollreveal;19988;2784;0;0;16;449;0.97;32;JavaScript
google/python-fire;https://github.com/google/python-fire;19987;1652;0;8;93;142;0.60;44;Python
alibaba/spring-cloud-alibaba;https://github.com/alibaba/spring-cloud-alibaba;19958;1369;0;25;327;1184;0.78;485;Java
git-tips/tips;https://github.com/git-tips/tips;19930;2239;0;0;14;17;0.55;138;JavaScript
conwnet/github1s;https://github.com/conwnet/github1s;19918;807;0;17;43;116;0.73;175;TypeScript
nefe/You-Dont-Need-jQuery;https://github.com/nefe/You-Dont-Need-jQuery;19917;2110;0;1;1;65;0.98;162;JavaScript
halfrost/LeetCode-Go;https://github.com/halfrost/LeetCode-Go;19875;1506;0;4;6;43;0.88;105;Go
DesignPatternsPHP/DesignPatternsPHP;https://github.com/DesignPatternsPHP/DesignPatternsPHP;19858;3662;0;0;1;103;0.99;246;PHP
react-bootstrap/react-bootstrap;https://github.com/react-bootstrap/react-bootstrap;19848;2804;0;20;116;3006;0.96;2321;JavaScript
facebookarchive/pop;https://github.com/facebookarchive/pop;19845;2711;0;3;45;211;0.82;100;Objective-C++
FallibleInc/security-guide-for-developers;https://github.com/FallibleInc/security-guide-for-developers;19837;1910;0;0;8;4;0.33;26;None
BradLarson/GPUImage;https://github.com/BradLarson/GPUImage;19808;3487;1;3;904;1304;0.59;241;Objective-C
futurice/android-best-practices;https://github.com/futurice/android-best-practices;19805;2590;0;0;22;61;0.73;80;None
beurtschipper/Depix;https://github.com/beurtschipper/Depix;19759;268;0;0;0;0;-1.0;11;Python
apache/kafka;https://github.com/apache/kafka;19758;3669;0;0;0;0;-1.0;4793;Java
petkaantonov/bluebird;https://github.com/petkaantonov/bluebird;19756;2915;0;123;65;1070;0.94;289;JavaScript
postcss/autoprefixer;https://github.com/postcss/autoprefixer;19740;3092;0;171;31;1060;0.97;259;JavaScript
ipfs/ipfs;https://github.com/ipfs/ipfs;19691;2758;0;0;2;203;0.99;124;None
enzymejs/enzyme;https://github.com/enzymejs/enzyme;19686;2121;0;0;253;1482;0.85;645;JavaScript
Reactive-Extensions/RxJS;https://github.com/Reactive-Extensions/RxJS;19660;3525;3;34;231;643;0.74;520;JavaScript
keon/algorithms;https://github.com/keon/algorithms;19659;1748;0;1;48;92;0.66;399;Python
facebook/folly;https://github.com/facebook/folly;19632;3378;0;51;269;578;0.68;4;C++
apache/incubator-mxnet;https://github.com/apache/incubator-mxnet;19624;2315;0;28;1719;7667;0.82;8486;C++
halo-dev/halo;https://github.com/halo-dev/halo;19608;1259;0;72;73;860;0.92;349;Java
SamyPesse/How-to-Make-a-Computer-Operating-System;https://github.com/SamyPesse/How-to-Make-a-Computer-Operating-System;19532;2832;0;1;44;27;0.38;42;C
fabricjs/fabric.js;https://github.com/fabricjs/fabric.js;19529;4101;0;112;232;4935;0.96;1503;JavaScript
ruanyf/es6tutorial;https://github.com/ruanyf/es6tutorial;19515;2690;0;0;0;518;1.00;346;JavaScript
ReactiveX/RxAndroid;https://github.com/ReactiveX/RxAndroid;19488;2570;0;18;1;340;1.00;171;Java
railsware/upterm;https://github.com/railsware/upterm;19472;2354;3;187;219;533;0.71;293;TypeScript
wangzheng0822/algo;https://github.com/wangzheng0822/algo;19455;1072;0;0;95;21;0.18;321;Python
tipsy/profile-summary-for-github;https://github.com/tipsy/profile-summary-for-github;19442;1360;0;0;12;57;0.83;20;Vue
JohnCoates/Aerial;https://github.com/JohnCoates/Aerial;19439;2136;0;165;38;857;0.96;213;Swift
localForage/localForage;https://github.com/localForage/localForage;19403;2862;0;26;178;485;0.73;267;JavaScript
getredash/redash;https://github.com/getredash/redash;19395;2864;0;96;452;1671;0.79;2612;Python
quasarframework/quasar;https://github.com/quasarframework/quasar;19330;2157;0;494;348;5661;0.94;2617;JavaScript
google-research/google-research;https://github.com/google-research/google-research;19327;1062;0;0;389;183;0.32;16;Jupyter Notebook
vuejs/vuepress;https://github.com/vuejs/vuepress;19325;1244;0;18;407;1355;0.77;745;JavaScript
viatsko/awesome-vscode;https://github.com/viatsko/awesome-vscode;19301;2032;0;0;18;21;0.54;228;JavaScript
tqdm/tqdm;https://github.com/tqdm/tqdm;19295;2281;0;113;256;529;0.67;259;Python
marktext/marktext;https://github.com/marktext/marktext;19286;1388;0;32;561;1178;0.68;809;JavaScript
portainer/portainer;https://github.com/portainer/portainer;19277;1930;0;84;763;2783;0.78;1606;JavaScript
xuxueli/xxl-job;https://github.com/xuxueli/xxl-job;19259;2103;0;30;655;1603;0.71;93;Java
avajs/ava;https://github.com/avajs/ava;19238;2478;0;80;76;1413;0.95;918;JavaScript
Fndroid/clash_for_windows_pkg;https://github.com/Fndroid/clash_for_windows_pkg;19227;1048;0;132;105;1976;0.95;1;None
jaredhanson/passport;https://github.com/jaredhanson/passport;19213;3615;0;0;304;371;0.55;46;JavaScript
datasciencemasters/go;https://github.com/datasciencemasters/go;19180;2939;0;0;25;23;0.48;43;None
alibaba/nacos;https://github.com/alibaba/nacos;19174;1173;0;41;260;4388;0.94;1531;Java
necolas/react-native-web;https://github.com/necolas/react-native-web;19146;2275;0;19;64;1428;0.96;38;JavaScript
snowpackjs/snowpack;https://github.com/snowpackjs/snowpack;19132;917;0;83;260;513;0.66;1200;JavaScript
Eugeny/tabby;https://github.com/Eugeny/tabby;19127;1712;0;137;465;1862;0.80;1022;TypeScript
nicolargo/glances;https://github.com/nicolargo/glances;19085;3558;0;25;203;1195;0.85;403;Python
eslint/eslint;https://github.com/eslint/eslint;19058;2985;0;246;100;8546;0.99;4845;JavaScript
elixir-lang/elixir;https://github.com/elixir-lang/elixir;19050;3887;0;113;22;4458;1.00;5587;Elixir
Seldaek/monolog;https://github.com/Seldaek/monolog;19014;3849;0;46;20;657;0.97;592;PHP
AllThingsSmitty/css-protips;https://github.com/AllThingsSmitty/css-protips;18994;2194;0;0;4;44;0.92;45;None
segmentio/nightmare;https://github.com/segmentio/nightmare;18991;2705;1;1;173;1065;0.86;251;JavaScript
afollestad/material-dialogs;https://github.com/afollestad/material-dialogs;18970;2494;0;92;92;1161;0.93;179;Kotlin
sebastianruder/NLP-progress;https://github.com/sebastianruder/NLP-progress;18964;1166;0;3;25;64;0.72;435;Python
dnSpy/dnSpy;https://github.com/dnSpy/dnSpy;18931;2253;0;1;0;0;-1.0;53;C#
felixrieseberg/windows95;https://github.com/felixrieseberg/windows95;18918;1104;0;12;105;93;0.47;17;TypeScript
goldfire/howler.js;https://github.com/goldfire/howler.js;18901;3137;0;24;253;1016;0.80;124;JavaScript
parse-community/parse-server;https://github.com/parse-community/parse-server;18891;2042;0;83;168;3814;0.96;2762;JavaScript
ClickHouse/ClickHouse;https://github.com/ClickHouse/ClickHouse;18878;1916;0;284;1437;7515;0.84;16186;C++
highlightjs/highlight.js;https://github.com/highlightjs/highlight.js;18875;3895;0;28;50;1667;0.97;1166;JavaScript
uglide/RedisDesktopManager;https://github.com/uglide/RedisDesktopManager;18852;2948;0;76;33;4406;0.99;361;C++
libgdx/libgdx;https://github.com/libgdx/libgdx;18847;3308;0;8;149;3238;0.96;2303;Java
onevcat/Kingfisher;https://github.com/onevcat/Kingfisher;18843;2339;0;154;63;1059;0.94;510;Swift
MustangYM/WeChatExtension-ForMac;https://github.com/MustangYM/WeChatExtension-ForMac;18808;860;0;46;721;753;0.51;45;Objective-C
Dreamacro/clash;https://github.com/Dreamacro/clash;18781;1178;0;37;32;1115;0.97;191;Go
jhipster/generator-jhipster;https://github.com/jhipster/generator-jhipster;18772;2871;0;12;46;6545;0.99;8497;JavaScript
defunkt/jquery-pjax;https://github.com/defunkt/jquery-pjax;16786;3840;1;11;54;388;0.88;81;JavaScript
angular/material;https://github.com/angular/material;16729;2618;0;14;267;8729;0.97;912;JavaScript
dotnet/core;https://github.com/dotnet/core;16158;2479;0;142;360;4051;0.92;1294;Shell
nextcloud/server;https://github.com/nextcloud/server;16146;1916;0;31;1450;11382;0.89;13205;PHP
mybatis/mybatis-3;https://github.com/mybatis/mybatis-3;16143;3120;0;34;127;975;0.88;796;Java
handlebars-lang/handlebars.js;https://github.com/handlebars-lang/handlebars.js;16142;4049;0;0;95;1188;0.93;303;JavaScript
python-poetry/poetry;https://github.com/python-poetry/poetry;16137;1280;0;102;1008;2055;0.67;737;Python
sudheerj/reactjs-interview-questions;https://github.com/sudheerj/reactjs-interview-questions;16130;1188;0;0;3;40;0.93;77;JavaScript
yuzu-emu/yuzu;https://github.com/yuzu-emu/yuzu;16126;1336;0;0;615;1279;0.68;4161;C++
jamiebuilds/react-loadable;https://github.com/jamiebuilds/react-loadable;16119;1636;0;0;0;0;-1.0;105;JavaScript
nickbutcher/plaid;https://github.com/nickbutcher/plaid;16105;2132;1;0;73;273;0.79;368;Kotlin
sindresorhus/quick-look-plugins;https://github.com/sindresorhus/quick-look-plugins;16094;2824;0;0;9;76;0.89;24;None
photoprism/photoprism;https://github.com/photoprism/photoprism;16083;1312;0;19;250;829;0.77;151;Go
lutzroeder/netron;https://github.com/lutzroeder/netron;16040;3901;0;2;25;671;0.96;1;JavaScript
ibraheemdev/modern-unix;https://github.com/ibraheemdev/modern-unix;16021;232;0;0;24;8;0.25;8;None
microsoft/MS-DOS;https://github.com/microsoft/MS-DOS;16019;1163;0;0;3;49;0.94;34;Assembly
firecracker-microvm/firecracker;https://github.com/firecracker-microvm/firecracker;15985;1412;0;48;181;979;0.84;1285;Rust
statsd/statsd;https://github.com/statsd/statsd;15982;3898;0;0;47;222;0.83;299;JavaScript
Tencent/tinker;https://github.com/Tencent/tinker;15978;1820;0;42;410;1050;0.72;70;Java
diem/diem;https://github.com/diem/diem;15975;882;0;0;295;973;0.77;3037;Rust
processing/p5.js;https://github.com/processing/p5.js;15961;3109;0;77;152;2953;0.95;1861;JavaScript
hubotio/hubot;https://github.com/hubotio/hubot;15960;3657;0;9;80;688;0.90;508;JavaScript
Kotlin/anko;https://github.com/Kotlin/anko;15952;2539;0;26;237;380;0.62;100;Kotlin
jashkenas/coffeescript;https://github.com/jashkenas/coffeescript;15949;4275;0;0;55;4041;0.99;851;CoffeeScript
shieldfy/API-Security-Checklist;https://github.com/shieldfy/API-Security-Checklist;15932;1515;0;0;12;19;0.61;94;None
pubkey/rxdb;https://github.com/pubkey/rxdb;15925;1733;0;76;4;482;0.99;2527;TypeScript
taosdata/TDengine;https://github.com/taosdata/TDengine;15920;782;0;26;377;1870;0.83;5019;C
facebook/relay;https://github.com/facebook/relay;15905;2213;0;65;281;1496;0.84;107;JavaScript
jdg/MBProgressHUD;https://github.com/jdg/MBProgressHUD;15903;4475;2;0;60;338;0.85;98;Objective-C
forezp/SpringCloudLearning;https://github.com/forezp/SpringCloudLearning;15878;1606;0;0;36;12;0.25;0;Java
dropzone/dropzone;https://github.com/dropzone/dropzone;15872;3488;0;41;45;1688;0.97;74;JavaScript
valyala/fasthttp;https://github.com/valyala/fasthttp;15872;2144;0;35;33;650;0.95;270;Go
dianping/cat;https://github.com/dianping/cat;15849;3192;0;0;130;983;0.88;872;Java
reddit-archive/reddit;https://github.com/reddit-archive/reddit;15837;4822;1;0;0;0;-1.0;18;Python
vnpy/vnpy;https://github.com/vnpy/vnpy;15817;2375;0;43;17;1793;0.99;893;C++
oracle/graal;https://github.com/oracle/graal;15812;2056;0;32;680;1889;0.74;631;Java
mpv-player/mpv;https://github.com/mpv-player/mpv;15810;3244;0;78;549;6097;0.92;1027;C
rough-stuff/rough;https://github.com/rough-stuff/rough;15809;1722;0;15;20;96;0.83;51;TypeScript
prisma/prisma;https://github.com/prisma/prisma;15808;803;0;106;1310;3216;0.71;1873;TypeScript
visionmedia/superagent;https://github.com/visionmedia/superagent;15790;3794;0;65;151;866;0.85;404;JavaScript
robertdavidgraham/masscan;https://github.com/robertdavidgraham/masscan;15788;2956;0;11;282;149;0.35;81;C
toml-lang/toml;https://github.com/toml-lang/toml;15781;3111;0;9;38;387;0.91;303;Python
charlax/professional-programming;https://github.com/charlax/professional-programming;15776;2124;0;0;0;9;1.00;23;Python
ruanyf/react-demos;https://github.com/ruanyf/react-demos;15776;2353;0;0;0;29;1.00;22;JavaScript
dvajs/dva;https://github.com/dvajs/dva;15773;1894;1;35;17;2114;0.99;201;JavaScript
qishibo/AnotherRedisDesktopManager;https://github.com/qishibo/AnotherRedisDesktopManager;15755;966;0;35;83;435;0.84;89;JavaScript
yudai/gotty;https://github.com/yudai/gotty;15739;2207;0;16;86;124;0.59;33;Go
streamlit/streamlit;https://github.com/streamlit/streamlit;15729;739;0;21;564;1384;0.71;1503;TypeScript
google/eng-practices;https://github.com/google/eng-practices;17299;727;0;0;3;4;0.57;8;None
redisson/redisson;https://github.com/redisson/redisson;17271;2789;0;98;195;3169;0.94;284;Java
n0shake/Public-APIs;https://github.com/n0shake/Public-APIs;17262;2057;0;0;2;41;0.95;328;None
bazelbuild/bazel;https://github.com/bazelbuild/bazel;17258;2637;0;114;2112;6853;0.76;48;Java
ryanhanwu/How-To-Ask-Questions-The-Smart-Way;https://github.com/ryanhanwu/How-To-Ask-Questions-The-Smart-Way;17252;2348;0;0;6;16;0.73;75;JavaScript
remoteintech/remote-jobs;https://github.com/remoteintech/remote-jobs;17228;2150;0;0;19;89;0.82;828;JavaScript
alibaba/Sentinel;https://github.com/alibaba/Sentinel;17180;1245;0;18;309;1297;0.81;399;Java
Micropoor/Micro8;https://github.com/Micropoor/Micro8;17175;925;0;0;14;31;0.69;2;None
InterviewMap/CS-Interview-Knowledge-Map;https://github.com/InterviewMap/CS-Interview-Knowledge-Map;17150;1262;0;0;29;75;0.72;60;None
ray-project/ray;https://github.com/ray-project/ray;17149;1771;0;47;1600;5952;0.79;8730;Python
facebook/flux;https://github.com/facebook/flux;17148;2599;0;2;9;228;0.96;183;JavaScript
phoenixframework/phoenix;https://github.com/phoenixframework/phoenix;17120;2780;0;20;8;2051;1.00;1854;Elixir
bitcoinbook/bitcoinbook;https://github.com/bitcoinbook/bitcoinbook;17116;2942;0;3;37;290;0.89;431;Python
FelisCatus/SwitchyOmega;https://github.com/FelisCatus/SwitchyOmega;17113;3371;0;51;505;1666;0.77;7;CoffeeScript
microsoft/CNTK;https://github.com/microsoft/CNTK;17086;2105;0;32;754;2523;0.77;257;C++
uikit/uikit;https://github.com/uikit/uikit;17072;2966;0;203;684;3252;0.83;197;HTML
qianguyihao/Web;https://github.com/qianguyihao/Web;17067;1701;0;0;35;100;0.74;0;JavaScript
Pierian-Data/Complete-Python-3-Bootcamp;https://github.com/Pierian-Data/Complete-Python-3-Bootcamp;17062;1296;0;0;78;150;0.66;11;Jupyter Notebook
julianshapiro/velocity;https://github.com/julianshapiro/velocity;17058;2701;0;18;40;772;0.95;54;JavaScript
academic/awesome-datascience;https://github.com/academic/awesome-datascience;17047;2614;0;0;0;39;1.00;206;None
nuysoft/Mock;https://github.com/nuysoft/Mock;17044;3049;0;14;271;139;0.34;7;JavaScript
coreybutler/nvm-windows;https://github.com/coreybutler/nvm-windows;17042;2537;0;15;148;369;0.71;48;Go
facebook/hhvm;https://github.com/facebook/hhvm;17041;4260;0;15;593;5227;0.90;89;C++
statelyai/xstate;https://github.com/statelyai/xstate;17035;2178;0;113;127;787;0.86;807;TypeScript
dennybritz/reinforcement-learning;https://github.com/dennybritz/reinforcement-learning;17030;1833;0;0;88;60;0.41;58;Jupyter Notebook
nocodb/nocodb;https://github.com/nocodb/nocodb;17026;1402;0;20;84;195;0.70;91;Vue
PHPMailer/PHPMailer;https://github.com/PHPMailer/PHPMailer;17017;3661;0;49;20;1770;0.99;363;PHP
HelloZeroNet/ZeroNet;https://github.com/HelloZeroNet/ZeroNet;17006;2424;0;22;681;1425;0.68;388;JavaScript
swoole/swoole-src;https://github.com/swoole/swoole-src;17005;3328;0;216;63;2815;0.98;1235;C++
apache/flink;https://github.com/apache/flink;17001;2642;0;0;0;0;-1.0;4695;Java
1c7/chinese-independent-developer;https://github.com/1c7/chinese-independent-developer;16995;1440;0;0;2;56;0.97;107;None
nektos/act;https://github.com/nektos/act;16991;972;0;33;58;435;0.88;249;Go
tmrts/go-patterns;https://github.com/tmrts/go-patterns;16970;2087;0;0;14;11;0.44;10;Go
ShareX/ShareX;https://github.com/ShareX/ShareX;16952;2884;0;69;384;4475;0.92;641;C#
go-delve/delve;https://github.com/go-delve/delve;16873;2660;0;13;107;1167;0.92;1106;C
yewstack/yew;https://github.com/yewstack/yew;16838;1354;0;27;125;744;0.86;940;Rust
nosir/cleave.js;https://github.com/nosir/cleave.js;16833;1931;0;66;155;323;0.68;132;JavaScript
kelthuzadx/hosts;https://github.com/kelthuzadx/hosts;16781;2616;0;2;3;888;1.00;286;Rascal
jumpserver/jumpserver;https://github.com/jumpserver/jumpserver;16721;2616;0;89;114;3579;0.97;2565;Python
crystal-lang/crystal;https://github.com/crystal-lang/crystal;16720;3199;0;88;1091;4829;0.82;3874;Crystal
JacksonTian/fks;https://github.com/JacksonTian/fks;16706;3240;0;0;13;17;0.57;81;JavaScript
apollographql/apollo-client;https://github.com/apollographql/apollo-client;16661;2013;0;7;337;3503;0.91;3621;TypeScript
facebook/fresco;https://github.com/facebook/fresco;16645;2374;0;44;145;2048;0.93;81;Java
jaywcjlove/linux-command;https://github.com/jaywcjlove/linux-command;16618;1753;0;9;26;53;0.67;155;HTML
svg/svgo;https://github.com/svg/svgo;16572;3296;0;46;188;847;0.82;330;JavaScript
wesbos/JavaScript30;https://github.com/wesbos/JavaScript30;16472;1728;0;0;0;0;-1.0;144;HTML
adam-golab/react-developer-roadmap;https://github.com/adam-golab/react-developer-roadmap;16390;1172;0;0;21;19;0.47;26;JavaScript
hwdsl2/setup-ipsec-vpn;https://github.com/hwdsl2/setup-ipsec-vpn;16282;2063;0;0;3;925;1.00;21;Shell
codex-team/editor.js;https://github.com/codex-team/editor.js;16249;2103;0;19;377;602;0.61;632;TypeScript
kdeldycke/awesome-falsehood;https://github.com/kdeldycke/awesome-falsehood;16181;1818;0;0;2;20;0.91;63;None
nfl/react-helmet;https://github.com/nfl/react-helmet;15492;2267;0;3;138;217;0.61;166;JavaScript
slidevjs/slidev;https://github.com/slidevjs/slidev;15486;130;0;121;38;174;0.82;78;TypeScript
ossrs/srs;https://github.com/ossrs/srs;15469;2316;0;20;167;1177;0.88;130;C++
sickcodes/Docker-OSX;https://github.com/sickcodes/Docker-OSX;15461;453;0;0;83;158;0.66;67;Shell
tensorflow/tfjs;https://github.com/tensorflow/tfjs;15460;1275;0;58;503;2578;0.84;2085;TypeScript
aFarkas/lazysizes;https://github.com/aFarkas/lazysizes;15458;2516;0;95;140;634;0.82;64;JavaScript
cocos2d/cocos2d-x;https://github.com/cocos2d/cocos2d-x;15453;3939;0;0;1371;3526;0.72;12330;C++
desandro/masonry;https://github.com/desandro/masonry;15451;4301;0;22;46;1052;0.96;10;HTML
bokeh/bokeh;https://github.com/bokeh/bokeh;15446;3445;0;0;666;5991;0.90;4190;Python
iawia002/annie;https://github.com/iawia002/annie;15439;1284;0;70;284;424;0.60;189;Go
nushell/nushell;https://github.com/nushell/nushell;15429;844;0;39;266;1363;0.84;2131;Rust
Shopify/draggable;https://github.com/Shopify/draggable;15420;1434;0;12;85;184;0.68;130;JavaScript
getlantern/download;https://github.com/getlantern/download;15417;1162;0;0;0;0;-1.0;3;None
facebook/zstd;https://github.com/facebook/zstd;15396;2412;0;62;73;820;0.92;1646;C
gorilla/websocket;https://github.com/gorilla/websocket;15395;2876;0;7;58;443;0.88;109;Go
WordPress/WordPress;https://github.com/WordPress/WordPress;15389;3561;0;0;0;0;-1.0;0;PHP
eclipse-theia/theia;https://github.com/eclipse-theia/theia;15387;1649;0;27;1291;4098;0.76;3486;TypeScript
ultralytics/yolov5;https://github.com/ultralytics/yolov5;15369;471;0;6;273;3116;0.92;762;Python
chubin/wttr.in;https://github.com/chubin/wttr.in;15366;2075;0;0;157;244;0.61;199;Python
matryer/xbar;https://github.com/matryer/xbar;15351;2848;0;68;54;496;0.90;143;Go
taichi-dev/taichi;https://github.com/taichi-dev/taichi;15342;1741;0;80;301;733;0.71;1690;C++
cjbarber/ToolsOfTheTrade;https://github.com/cjbarber/ToolsOfTheTrade;15336;2652;0;0;0;41;1.00;307;None
youngyangyang04/leetcode-master;https://github.com/youngyangyang04/leetcode-master;15328;626;0;0;26;22;0.46;594;None
sqlitebrowser/sqlitebrowser;https://github.com/sqlitebrowser/sqlitebrowser;15328;2677;0;37;461;1830;0.80;408;C++
wagerfield/parallax;https://github.com/wagerfield/parallax;15325;2952;0;11;57;206;0.78;14;JavaScript
jeromeetienne/AR.js;https://github.com/jeromeetienne/AR.js;15318;1656;0;0;1;648;1.00;77;HTML
css-modules/css-modules;https://github.com/css-modules/css-modules;15317;2290;0;0;99;223;0.69;22;None
CodeByZach/pace;https://github.com/CodeByZach/pace;15316;2911;0;19;277;163;0.37;48;CSS
yabwe/medium-editor;https://github.com/yabwe/medium-editor;15310;3016;0;149;323;605;0.65;516;JavaScript
sanic-org/sanic;https://github.com/sanic-org/sanic;15307;1924;0;46;38;1007;0.96;961;Python
sindresorhus/refined-github;https://github.com/sindresorhus/refined-github;15303;2024;0;50;156;2336;0.94;1847;TypeScript
matomo-org/matomo;https://github.com/matomo-org/matomo;15289;3807;0;525;1819;9940;0.85;4804;PHP
limetext/lime;https://github.com/limetext/lime;15271;3254;1;0;22;381;0.95;160;None
SerenityOS/serenity;https://github.com/SerenityOS/serenity;15268;1003;0;0;496;1962;0.80;6505;C++
NickeManarin/ScreenToGif;https://github.com/NickeManarin/ScreenToGif;15261;1856;0;71;147;598;0.80;192;C#
hackiftekhar/IQKeyboardManager;https://github.com/hackiftekhar/IQKeyboardManager;15240;2928;0;75;92;1550;0.94;101;Objective-C
quii/learn-go-with-tests;https://github.com/quii/learn-go-with-tests;15234;1278;0;41;25;120;0.83;298;Go
MichMich/MagicMirror;https://github.com/MichMich/MagicMirror;15234;2750;1;31;18;1144;0.98;982;JavaScript
apache/rocketmq;https://github.com/apache/rocketmq;15210;1735;0;3;290;1368;0.83;646;Java
cookiecutter/cookiecutter;https://github.com/cookiecutter/cookiecutter;15209;2970;0;19;163;500;0.75;574;Python
tzutalin/labelImg;https://github.com/tzutalin/labelImg;15208;2176;0;2;270;318;0.54;119;Python
jasmine/jasmine;https://github.com/jasmine/jasmine;15205;4655;0;44;49;1282;0.96;292;JavaScript
zziz/pwc;https://github.com/zziz/pwc;15197;1094;1;0;18;5;0.22;10;None
iampawan/FlutterExampleApps;https://github.com/iampawan/FlutterExampleApps;15196;1236;0;0;2;20;0.91;8;Dart
haoel/leetcode;https://github.com/haoel/leetcode;15190;2508;0;0;19;36;0.65;89;C++
PyTorchLightning/pytorch-lightning;https://github.com/PyTorchLightning/pytorch-lightning;15166;885;0;68;278;3464;0.93;3731;Python
zloirock/core-js;https://github.com/zloirock/core-js;15157;2967;0;172;18;710;0.98;151;JavaScript
nginx-proxy/nginx-proxy;https://github.com/nginx-proxy/nginx-proxy;15139;2675;0;3;515;703;0.58;218;Python
vueComponent/ant-design-vue;https://github.com/vueComponent/ant-design-vue;15133;1441;0;128;111;3496;0.97;599;Vue
realm/SwiftLint;https://github.com/realm/SwiftLint;15127;2299;0;89;247;1669;0.87;1380;Swift
oblador/react-native-vector-icons;https://github.com/oblador/react-native-vector-icons;15111;2300;0;60;324;744;0.70;154;JavaScript
zergtant/pytorch-handbook;https://github.com/zergtant/pytorch-handbook;15107;1003;0;0;40;28;0.41;41;Jupyter Notebook
youzan/vant-weapp;https://github.com/youzan/vant-weapp;15106;1681;0;11;76;2874;0.97;1370;JavaScript
bower/bower;https://github.com/bower/bower;15096;3281;0;38;3;1912;1.00;345;JavaScript
testing-library/react-testing-library;https://github.com/testing-library/react-testing-library;15087;1261;0;160;17;512;0.97;354;JavaScript
plotly/dash;https://github.com/plotly/dash;15063;2336;0;34;461;600;0.57;457;Python
infernojs/inferno;https://github.com/infernojs/inferno;15059;2403;0;166;44;810;0.95;548;JavaScript
mingrammer/diagrams;https://github.com/mingrammer/diagrams;15053;576;0;33;157;134;0.46;176;Python
oxford-cs-deepnlp-2017/lectures;https://github.com/oxford-cs-deepnlp-2017/lectures;15052;1667;1;0;11;7;0.39;4;None
menzi11/BullshitGenerator;https://github.com/menzi11/BullshitGenerator;15046;673;0;0;118;32;0.21;7;JavaScript
hzlzh/Best-App;https://github.com/hzlzh/Best-App;15037;2923;0;0;34;36;0.51;49;None
ZhongFuCheng3y/3y;https://github.com/ZhongFuCheng3y/3y;15029;1043;0;0;14;2;0.12;0;None
tj/git-extras;https://github.com/tj/git-extras;15025;4045;0;17;91;248;0.73;472;Shell
discordjs/discord.js;https://github.com/discordjs/discord.js;15020;2213;0;53;48;2723;0.98;2520;JavaScript
EnterpriseQualityCoding/FizzBuzzEnterpriseEdition;https://github.com/EnterpriseQualityCoding/FizzBuzzEnterpriseEdition;15009;3203;0;0;334;73;0.18;56;Java
EastWorld/wechat-app-mall;https://github.com/EastWorld/wechat-app-mall;15002;1615;0;21;0;193;1.00;36;JavaScript
fivethirtyeight/data;https://github.com/fivethirtyeight/data;15001;2724;0;0;47;79;0.63;42;Jupyter Notebook
Redocly/redoc;https://github.com/Redocly/redoc;14993;2132;0;63;373;974;0.72;247;TypeScript
winterbe/java8-tutorial;https://github.com/winterbe/java8-tutorial;14986;2725;0;0;0;0;-1.0;10;Java
salomonelli/best-resume-ever;https://github.com/salomonelli/best-resume-ever;14973;1674;0;0;30;94;0.76;146;Vue
tj/n;https://github.com/tj/n;14966;3891;0;44;3;439;0.99;148;Shell
nswbmw/N-blog;https://github.com/nswbmw/N-blog;14961;3018;0;0;19;420;0.96;25;JavaScript
badges/shields;https://github.com/badges/shields;14954;3135;0;0;279;1699;0.86;4182;JavaScript
kriskowal/q;https://github.com/kriskowal/q;14952;4015;4;0;101;452;0.82;149;JavaScript
android10/Android-CleanArchitecture;https://github.com/android10/Android-CleanArchitecture;14941;2569;2;0;127;122;0.49;14;Java
ipython/ipython;https://github.com/ipython/ipython;14940;4132;0;29;1458;5261;0.78;5311;Python
gofiber/fiber;https://github.com/gofiber/fiber;14930;594;0;72;28;619;0.96;765;Go
madrobby/zepto;https://github.com/madrobby/zepto;14926;3998;2;18;69;680;0.91;218;HTML
schollz/croc;https://github.com/schollz/croc;14882;1414;0;124;56;222;0.80;116;Go
designmodo/Flat-UI;https://github.com/designmodo/Flat-UI;14872;3103;0;1;8;180;0.96;38;JavaScript
tannerlinsley/react-table;https://github.com/tannerlinsley/react-table;14869;1776;0;27;140;1762;0.93;455;JavaScript
PaddlePaddle/PaddleOCR;https://github.com/PaddlePaddle/PaddleOCR;14866;480;0;4;834;1905;0.70;962;Python
ustbhuangyi/better-scroll;https://github.com/ustbhuangyi/better-scroll;14864;2084;0;42;14;1017;0.99;150;TypeScript
microsoft/winget-cli;https://github.com/microsoft/winget-cli;14863;777;0;15;351;407;0.54;400;C++
dotnet/roslyn;https://github.com/dotnet/roslyn;14851;2425;0;53;8489;18000;0.68;24316;C#
janl/mustache.js;https://github.com/janl/mustache.js;14841;4349;0;16;61;394;0.87;164;JavaScript
gpakosz/.tmux;https://github.com/gpakosz/.tmux;14837;3295;0;0;39;414;0.91;8;None
ValveSoftware/Proton;https://github.com/ValveSoftware/Proton;14836;1267;0;45;3039;1839;0.38;13;C++
radareorg/radare2;https://github.com/radareorg/radare2;14835;3346;0;70;820;7007;0.90;8228;C
pmndrs/react-three-fiber;https://github.com/pmndrs/react-three-fiber;14834;918;0;7;25;489;0.95;256;TypeScript
jbhuang0604/awesome-computer-vision;https://github.com/jbhuang0604/awesome-computer-vision;14830;2419;0;0;15;2;0.12;37;None
javascript-tutorial/en.javascript.info;https://github.com/javascript-tutorial/en.javascript.info;14828;1550;0;0;39;578;0.94;1620;HTML
TeamNewPipe/NewPipe;https://github.com/TeamNewPipe/NewPipe;14826;2189;0;107;1020;4534;0.82;1000;Java
airbnb/react-sketchapp;https://github.com/airbnb/react-sketchapp;14816;1593;0;28;29;267;0.90;190;TypeScript
PanJiaChen/vue-admin-template;https://github.com/PanJiaChen/vue-admin-template;14815;1527;0;10;229;368;0.62;31;JavaScript
trojan-gfw/trojan;https://github.com/trojan-gfw/trojan;14798;1410;0;43;16;502;0.97;45;C++
nikic/PHP-Parser;https://github.com/nikic/PHP-Parser;14787;3788;0;69;65;431;0.87;158;PHP
keystonejs/keystone-classic;https://github.com/keystonejs/keystone-classic;14786;2982;1;16;305;2153;0.88;1740;JavaScript
acdlite/recompose;https://github.com/acdlite/recompose;14776;2155;0;42;60;374;0.86;246;JavaScript
changkun/modern-cpp-tutorial;https://github.com/changkun/modern-cpp-tutorial;14773;1838;0;3;3;88;0.97;80;C++
